2026-06-29 11:19:04,685 [INFO] engine.optim_wrapper: Param: backbone.res_layers.0.blocks.0.branch2a.conv.weight, lr: 1e-05, weight_decay: 0.0001
2026-06-29 11:19:04,685 [INFO] engine.optim_wrapper: Param: backbone.res_layers.0.blocks.0.branch2b.conv.weight, lr: 1e-05, weight_decay: 0.0001
2026-06-29 11:19:04,685 [INFO] engine.optim_wrapper: Param: backbone.res_layers.0.blocks.0.branch2c.conv.weight, lr: 1e-05, weight_decay: 0.0001
2026-06-29 11:19:04,685 [INFO] engine.optim_wrapper: Param: backbone.res_layers.0.blocks.0.short.conv.weight, lr: 1e-05, weight_decay: 0.0001
2026-06-29 11:19:04,685 [INFO] engine.optim_wrapper: Param: backbone.res_layers.0.blocks.1.branch2a.conv.weight, lr: 1e-05, weight_decay: 0.0001
2026-06-29 11:19:04,686 [INFO] engine.optim_wrapper: Param: backbone.res_layers.0.blocks.1.branch2b.conv.weight, lr: 1e-05, weight_decay: 0.0001
2026-06-29 11:19:04,686 [INFO] engine.optim_wrapper: Param: backbone.res_layers.0.blocks.1.branch2c.conv.weight, lr: 1e-05, weight_decay: 0.0001
2026-06-29 11:19:04,686 [INFO] engine.optim_wrapper: Param: backbone.res_layers.0.blocks.2.branch2a.conv.weight, lr: 1e-05, weight_decay: 0.0001
2026-06-29 11:19:04,686 [INFO] engine.optim_wrapper: Param: backbone.res_layers.0.blocks.2.branch2b.conv.weight, lr: 1e-05, weight_decay: 0.0001
2026-06-29 11:19:04,686 [INFO] engine.optim_wrapper: Param: backbone.res_layers.0.blocks.2.branch2c.conv.weight, lr: 1e-05, weight_decay: 0.0001
2026-06-29 11:19:04,686 [INFO] engine.optim_wrapper: Param: backbone.res_layers.1.blocks.0.branch2a.conv.weight, lr: 1e-05, weight_decay: 0.0001
2026-06-29 11:19:04,686 [INFO] engine.optim_wrapper: Param: backbone.res_layers.1.blocks.0.branch2b.conv.weight, lr: 1e-05, weight_decay: 0.0001
2026-06-29 11:19:04,686 [INFO] engine.optim_wrapper: Param: backbone.res_layers.1.blocks.0.branch2c.conv.weight, lr: 1e-05, weight_decay: 0.0001
2026-06-29 11:19:04,686 [INFO] engine.optim_wrapper: Param: backbone.res_layers.1.blocks.0.short.conv.conv.weight, lr: 1e-05, weight_decay: 0.0001
2026-06-29 11:19:04,686 [INFO] engine.optim_wrapper: Param: backbone.res_layers.1.blocks.1.branch2a.conv.weight, lr: 1e-05, weight_decay: 0.0001
2026-06-29 11:19:04,686 [INFO] engine.optim_wrapper: Param: backbone.res_layers.1.blocks.1.branch2b.conv.weight, lr: 1e-05, weight_decay: 0.0001
2026-06-29 11:19:04,686 [INFO] engine.optim_wrapper: Param: backbone.res_layers.1.blocks.1.branch2c.conv.weight, lr: 1e-05, weight_decay: 0.0001
2026-06-29 11:19:04,686 [INFO] engine.optim_wrapper: Param: backbone.res_layers.1.blocks.2.branch2a.conv.weight, lr: 1e-05, weight_decay: 0.0001
2026-06-29 11:19:04,686 [INFO] engine.optim_wrapper: Param: backbone.res_layers.1.blocks.2.branch2b.conv.weight, lr: 1e-05, weight_decay: 0.0001
2026-06-29 11:19:04,686 [INFO] engine.optim_wrapper: Param: backbone.res_layers.1.blocks.2.branch2c.conv.weight, lr: 1e-05, weight_decay: 0.0001
2026-06-29 11:19:04,686 [INFO] engine.optim_wrapper: Param: backbone.res_layers.1.blocks.3.branch2a.conv.weight, lr: 1e-05, weight_decay: 0.0001
2026-06-29 11:19:04,686 [INFO] engine.optim_wrapper: Param: backbone.res_layers.1.blocks.3.branch2b.conv.weight, lr: 1e-05, weight_decay: 0.0001
2026-06-29 11:19:04,686 [INFO] engine.optim_wrapper: Param: backbone.res_layers.1.blocks.3.branch2c.conv.weight, lr: 1e-05, weight_decay: 0.0001
2026-06-29 11:19:04,686 [INFO] engine.optim_wrapper: Param: backbone.res_layers.2.blocks.0.branch2a.conv.weight, lr: 1e-05, weight_decay: 0.0001
2026-06-29 11:19:04,686 [INFO] engine.optim_wrapper: Param: backbone.res_layers.2.blocks.0.branch2b.conv.weight, lr: 1e-05, weight_decay: 0.0001
2026-06-29 11:19:04,686 [INFO] engine.optim_wrapper: Param: backbone.res_layers.2.blocks.0.branch2c.conv.weight, lr: 1e-05, weight_decay: 0.0001
2026-06-29 11:19:04,686 [INFO] engine.optim_wrapper: Param: backbone.res_layers.2.blocks.0.short.conv.conv.weight, lr: 1e-05, weight_decay: 0.0001
2026-06-29 11:19:04,686 [INFO] engine.optim_wrapper: Param: backbone.res_layers.2.blocks.1.branch2a.conv.weight, lr: 1e-05, weight_decay: 0.0001
2026-06-29 11:19:04,686 [INFO] engine.optim_wrapper: Param: backbone.res_layers.2.blocks.1.branch2b.conv.weight, lr: 1e-05, weight_decay: 0.0001
2026-06-29 11:19:04,686 [INFO] engine.optim_wrapper: Param: backbone.res_layers.2.blocks.1.branch2c.conv.weight, lr: 1e-05, weight_decay: 0.0001
2026-06-29 11:19:04,686 [INFO] engine.optim_wrapper: Param: backbone.res_layers.2.blocks.2.branch2a.conv.weight, lr: 1e-05, weight_decay: 0.0001
2026-06-29 11:19:04,686 [INFO] engine.optim_wrapper: Param: backbone.res_layers.2.blocks.2.branch2b.conv.weight, lr: 1e-05, weight_decay: 0.0001
2026-06-29 11:19:04,687 [INFO] engine.optim_wrapper: Param: backbone.res_layers.2.blocks.2.branch2c.conv.weight, lr: 1e-05, weight_decay: 0.0001
2026-06-29 11:19:04,687 [INFO] engine.optim_wrapper: Param: backbone.res_layers.2.blocks.3.branch2a.conv.weight, lr: 1e-05, weight_decay: 0.0001
2026-06-29 11:19:04,687 [INFO] engine.optim_wrapper: Param: backbone.res_layers.2.blocks.3.branch2b.conv.weight, lr: 1e-05, weight_decay: 0.0001
2026-06-29 11:19:04,687 [INFO] engine.optim_wrapper: Param: backbone.res_layers.2.blocks.3.branch2c.conv.weight, lr: 1e-05, weight_decay: 0.0001
2026-06-29 11:19:04,687 [INFO] engine.optim_wrapper: Param: backbone.res_layers.2.blocks.4.branch2a.conv.weight, lr: 1e-05, weight_decay: 0.0001
2026-06-29 11:19:04,687 [INFO] engine.optim_wrapper: Param: backbone.res_layers.2.blocks.4.branch2b.conv.weight, lr: 1e-05, weight_decay: 0.0001
2026-06-29 11:19:04,687 [INFO] engine.optim_wrapper: Param: backbone.res_layers.2.blocks.4.branch2c.conv.weight, lr: 1e-05, weight_decay: 0.0001
2026-06-29 11:19:04,687 [INFO] engine.optim_wrapper: Param: backbone.res_layers.2.blocks.5.branch2a.conv.weight, lr: 1e-05, weight_decay: 0.0001
2026-06-29 11:19:04,687 [INFO] engine.optim_wrapper: Param: backbone.res_layers.2.blocks.5.branch2b.conv.weight, lr: 1e-05, weight_decay: 0.0001
2026-06-29 11:19:04,687 [INFO] engine.optim_wrapper: Param: backbone.res_layers.2.blocks.5.branch2c.conv.weight, lr: 1e-05, weight_decay: 0.0001
2026-06-29 11:19:04,687 [INFO] engine.optim_wrapper: Param: backbone.res_layers.3.blocks.0.branch2a.conv.weight, lr: 1e-05, weight_decay: 0.0001
2026-06-29 11:19:04,687 [INFO] engine.optim_wrapper: Param: backbone.res_layers.3.blocks.0.branch2b.conv.weight, lr: 1e-05, weight_decay: 0.0001
2026-06-29 11:19:04,687 [INFO] engine.optim_wrapper: Param: backbone.res_layers.3.blocks.0.branch2c.conv.weight, lr: 1e-05, weight_decay: 0.0001
2026-06-29 11:19:04,687 [INFO] engine.optim_wrapper: Param: backbone.res_layers.3.blocks.0.short.conv.conv.weight, lr: 1e-05, weight_decay: 0.0001
2026-06-29 11:19:04,687 [INFO] engine.optim_wrapper: Param: backbone.res_layers.3.blocks.1.branch2a.conv.weight, lr: 1e-05, weight_decay: 0.0001
2026-06-29 11:19:04,687 [INFO] engine.optim_wrapper: Param: backbone.res_layers.3.blocks.1.branch2b.conv.weight, lr: 1e-05, weight_decay: 0.0001
2026-06-29 11:19:04,687 [INFO] engine.optim_wrapper: Param: backbone.res_layers.3.blocks.1.branch2c.conv.weight, lr: 1e-05, weight_decay: 0.0001
2026-06-29 11:19:04,687 [INFO] engine.optim_wrapper: Param: backbone.res_layers.3.blocks.2.branch2a.conv.weight, lr: 1e-05, weight_decay: 0.0001
2026-06-29 11:19:04,687 [INFO] engine.optim_wrapper: Param: backbone.res_layers.3.blocks.2.branch2b.conv.weight, lr: 1e-05, weight_decay: 0.0001
2026-06-29 11:19:04,687 [INFO] engine.optim_wrapper: Param: backbone.res_layers.3.blocks.2.branch2c.conv.weight, lr: 1e-05, weight_decay: 0.0001
2026-06-29 11:19:04,687 [INFO] engine.optim_wrapper: Param: backbone_ir.res_layers.0.blocks.0.branch2a.conv.weight, lr: 1e-05, weight_decay: 0.0001
2026-06-29 11:19:04,687 [INFO] engine.optim_wrapper: Param: backbone_ir.res_layers.0.blocks.0.branch2b.conv.weight, lr: 1e-05, weight_decay: 0.0001
2026-06-29 11:19:04,687 [INFO] engine.optim_wrapper: Param: backbone_ir.res_layers.0.blocks.0.branch2c.conv.weight, lr: 1e-05, weight_decay: 0.0001
2026-06-29 11:19:04,687 [INFO] engine.optim_wrapper: Param: backbone_ir.res_layers.0.blocks.0.short.conv.weight, lr: 1e-05, weight_decay: 0.0001
2026-06-29 11:19:04,687 [INFO] engine.optim_wrapper: Param: backbone_ir.res_layers.0.blocks.1.branch2a.conv.weight, lr: 1e-05, weight_decay: 0.0001
2026-06-29 11:19:04,687 [INFO] engine.optim_wrapper: Param: backbone_ir.res_layers.0.blocks.1.branch2b.conv.weight, lr: 1e-05, weight_decay: 0.0001
2026-06-29 11:19:04,687 [INFO] engine.optim_wrapper: Param: backbone_ir.res_layers.0.blocks.1.branch2c.conv.weight, lr: 1e-05, weight_decay: 0.0001
2026-06-29 11:19:04,688 [INFO] engine.optim_wrapper: Param: backbone_ir.res_layers.0.blocks.2.branch2a.conv.weight, lr: 1e-05, weight_decay: 0.0001
2026-06-29 11:19:04,688 [INFO] engine.optim_wrapper: Param: backbone_ir.res_layers.0.blocks.2.branch2b.conv.weight, lr: 1e-05, weight_decay: 0.0001
2026-06-29 11:19:04,688 [INFO] engine.optim_wrapper: Param: backbone_ir.res_layers.0.blocks.2.branch2c.conv.weight, lr: 1e-05, weight_decay: 0.0001
2026-06-29 11:19:04,688 [INFO] engine.optim_wrapper: Param: backbone_ir.res_layers.1.blocks.0.branch2a.conv.weight, lr: 1e-05, weight_decay: 0.0001
2026-06-29 11:19:04,688 [INFO] engine.optim_wrapper: Param: backbone_ir.res_layers.1.blocks.0.branch2b.conv.weight, lr: 1e-05, weight_decay: 0.0001
2026-06-29 11:19:04,688 [INFO] engine.optim_wrapper: Param: backbone_ir.res_layers.1.blocks.0.branch2c.conv.weight, lr: 1e-05, weight_decay: 0.0001
2026-06-29 11:19:04,688 [INFO] engine.optim_wrapper: Param: backbone_ir.res_layers.1.blocks.0.short.conv.conv.weight, lr: 1e-05, weight_decay: 0.0001
2026-06-29 11:19:04,688 [INFO] engine.optim_wrapper: Param: backbone_ir.res_layers.1.blocks.1.branch2a.conv.weight, lr: 1e-05, weight_decay: 0.0001
2026-06-29 11:19:04,688 [INFO] engine.optim_wrapper: Param: backbone_ir.res_layers.1.blocks.1.branch2b.conv.weight, lr: 1e-05, weight_decay: 0.0001
2026-06-29 11:19:04,688 [INFO] engine.optim_wrapper: Param: backbone_ir.res_layers.1.blocks.1.branch2c.conv.weight, lr: 1e-05, weight_decay: 0.0001
2026-06-29 11:19:04,688 [INFO] engine.optim_wrapper: Param: backbone_ir.res_layers.1.blocks.2.branch2a.conv.weight, lr: 1e-05, weight_decay: 0.0001
2026-06-29 11:19:04,688 [INFO] engine.optim_wrapper: Param: backbone_ir.res_layers.1.blocks.2.branch2b.conv.weight, lr: 1e-05, weight_decay: 0.0001
2026-06-29 11:19:04,688 [INFO] engine.optim_wrapper: Param: backbone_ir.res_layers.1.blocks.2.branch2c.conv.weight, lr: 1e-05, weight_decay: 0.0001
2026-06-29 11:19:04,688 [INFO] engine.optim_wrapper: Param: backbone_ir.res_layers.1.blocks.3.branch2a.conv.weight, lr: 1e-05, weight_decay: 0.0001
2026-06-29 11:19:04,688 [INFO] engine.optim_wrapper: Param: backbone_ir.res_layers.1.blocks.3.branch2b.conv.weight, lr: 1e-05, weight_decay: 0.0001
2026-06-29 11:19:04,688 [INFO] engine.optim_wrapper: Param: backbone_ir.res_layers.1.blocks.3.branch2c.conv.weight, lr: 1e-05, weight_decay: 0.0001
2026-06-29 11:19:04,688 [INFO] engine.optim_wrapper: Param: backbone_ir.res_layers.2.blocks.0.branch2a.conv.weight, lr: 1e-05, weight_decay: 0.0001
2026-06-29 11:19:04,688 [INFO] engine.optim_wrapper: Param: backbone_ir.res_layers.2.blocks.0.branch2b.conv.weight, lr: 1e-05, weight_decay: 0.0001
2026-06-29 11:19:04,688 [INFO] engine.optim_wrapper: Param: backbone_ir.res_layers.2.blocks.0.branch2c.conv.weight, lr: 1e-05, weight_decay: 0.0001
2026-06-29 11:19:04,688 [INFO] engine.optim_wrapper: Param: backbone_ir.res_layers.2.blocks.0.short.conv.conv.weight, lr: 1e-05, weight_decay: 0.0001
2026-06-29 11:19:04,688 [INFO] engine.optim_wrapper: Param: backbone_ir.res_layers.2.blocks.1.branch2a.conv.weight, lr: 1e-05, weight_decay: 0.0001
2026-06-29 11:19:04,688 [INFO] engine.optim_wrapper: Param: backbone_ir.res_layers.2.blocks.1.branch2b.conv.weight, lr: 1e-05, weight_decay: 0.0001
2026-06-29 11:19:04,688 [INFO] engine.optim_wrapper: Param: backbone_ir.res_layers.2.blocks.1.branch2c.conv.weight, lr: 1e-05, weight_decay: 0.0001
2026-06-29 11:19:04,688 [INFO] engine.optim_wrapper: Param: backbone_ir.res_layers.2.blocks.2.branch2a.conv.weight, lr: 1e-05, weight_decay: 0.0001
2026-06-29 11:19:04,688 [INFO] engine.optim_wrapper: Param: backbone_ir.res_layers.2.blocks.2.branch2b.conv.weight, lr: 1e-05, weight_decay: 0.0001
2026-06-29 11:19:04,688 [INFO] engine.optim_wrapper: Param: backbone_ir.res_layers.2.blocks.2.branch2c.conv.weight, lr: 1e-05, weight_decay: 0.0001
2026-06-29 11:19:04,688 [INFO] engine.optim_wrapper: Param: backbone_ir.res_layers.2.blocks.3.branch2a.conv.weight, lr: 1e-05, weight_decay: 0.0001
2026-06-29 11:19:04,688 [INFO] engine.optim_wrapper: Param: backbone_ir.res_layers.2.blocks.3.branch2b.conv.weight, lr: 1e-05, weight_decay: 0.0001
2026-06-29 11:19:04,688 [INFO] engine.optim_wrapper: Param: backbone_ir.res_layers.2.blocks.3.branch2c.conv.weight, lr: 1e-05, weight_decay: 0.0001
2026-06-29 11:19:04,689 [INFO] engine.optim_wrapper: Param: backbone_ir.res_layers.2.blocks.4.branch2a.conv.weight, lr: 1e-05, weight_decay: 0.0001
2026-06-29 11:19:04,689 [INFO] engine.optim_wrapper: Param: backbone_ir.res_layers.2.blocks.4.branch2b.conv.weight, lr: 1e-05, weight_decay: 0.0001
2026-06-29 11:19:04,689 [INFO] engine.optim_wrapper: Param: backbone_ir.res_layers.2.blocks.4.branch2c.conv.weight, lr: 1e-05, weight_decay: 0.0001
2026-06-29 11:19:04,689 [INFO] engine.optim_wrapper: Param: backbone_ir.res_layers.2.blocks.5.branch2a.conv.weight, lr: 1e-05, weight_decay: 0.0001
2026-06-29 11:19:04,689 [INFO] engine.optim_wrapper: Param: backbone_ir.res_layers.2.blocks.5.branch2b.conv.weight, lr: 1e-05, weight_decay: 0.0001
2026-06-29 11:19:04,689 [INFO] engine.optim_wrapper: Param: backbone_ir.res_layers.2.blocks.5.branch2c.conv.weight, lr: 1e-05, weight_decay: 0.0001
2026-06-29 11:19:04,689 [INFO] engine.optim_wrapper: Param: backbone_ir.res_layers.3.blocks.0.branch2a.conv.weight, lr: 1e-05, weight_decay: 0.0001
2026-06-29 11:19:04,689 [INFO] engine.optim_wrapper: Param: backbone_ir.res_layers.3.blocks.0.branch2b.conv.weight, lr: 1e-05, weight_decay: 0.0001
2026-06-29 11:19:04,689 [INFO] engine.optim_wrapper: Param: backbone_ir.res_layers.3.blocks.0.branch2c.conv.weight, lr: 1e-05, weight_decay: 0.0001
2026-06-29 11:19:04,689 [INFO] engine.optim_wrapper: Param: backbone_ir.res_layers.3.blocks.0.short.conv.conv.weight, lr: 1e-05, weight_decay: 0.0001
2026-06-29 11:19:04,689 [INFO] engine.optim_wrapper: Param: backbone_ir.res_layers.3.blocks.1.branch2a.conv.weight, lr: 1e-05, weight_decay: 0.0001
2026-06-29 11:19:04,689 [INFO] engine.optim_wrapper: Param: backbone_ir.res_layers.3.blocks.1.branch2b.conv.weight, lr: 1e-05, weight_decay: 0.0001
2026-06-29 11:19:04,689 [INFO] engine.optim_wrapper: Param: backbone_ir.res_layers.3.blocks.1.branch2c.conv.weight, lr: 1e-05, weight_decay: 0.0001
2026-06-29 11:19:04,689 [INFO] engine.optim_wrapper: Param: backbone_ir.res_layers.3.blocks.2.branch2a.conv.weight, lr: 1e-05, weight_decay: 0.0001
2026-06-29 11:19:04,689 [INFO] engine.optim_wrapper: Param: backbone_ir.res_layers.3.blocks.2.branch2b.conv.weight, lr: 1e-05, weight_decay: 0.0001
2026-06-29 11:19:04,689 [INFO] engine.optim_wrapper: Param: backbone_ir.res_layers.3.blocks.2.branch2c.conv.weight, lr: 1e-05, weight_decay: 0.0001
2026-06-29 11:19:04,689 [INFO] engine.optim_wrapper: Param: neck.convs.0.conv.weight, lr: 0.0001, weight_decay: 0.0001
2026-06-29 11:19:04,689 [INFO] engine.optim_wrapper: Param: neck.convs.0.conv.bias, lr: 0.0001, weight_decay: 0.0001
2026-06-29 11:19:04,689 [INFO] engine.optim_wrapper: Param: neck.convs.0.norm.weight, lr: 0.0001, weight_decay: 0.0001
2026-06-29 11:19:04,689 [INFO] engine.optim_wrapper: Param: neck.convs.0.norm.bias, lr: 0.0001, weight_decay: 0.0001
2026-06-29 11:19:04,689 [INFO] engine.optim_wrapper: Param: neck.convs.1.conv.weight, lr: 0.0001, weight_decay: 0.0001
2026-06-29 11:19:04,689 [INFO] engine.optim_wrapper: Param: neck.convs.1.conv.bias, lr: 0.0001, weight_decay: 0.0001
2026-06-29 11:19:04,689 [INFO] engine.optim_wrapper: Param: neck.convs.1.norm.weight, lr: 0.0001, weight_decay: 0.0001
2026-06-29 11:19:04,689 [INFO] engine.optim_wrapper: Param: neck.convs.1.norm.bias, lr: 0.0001, weight_decay: 0.0001
2026-06-29 11:19:04,689 [INFO] engine.optim_wrapper: Param: neck.convs.2.conv.weight, lr: 0.0001, weight_decay: 0.0001
2026-06-29 11:19:04,689 [INFO] engine.optim_wrapper: Param: neck.convs.2.conv.bias, lr: 0.0001, weight_decay: 0.0001
2026-06-29 11:19:04,689 [INFO] engine.optim_wrapper: Param: neck.convs.2.norm.weight, lr: 0.0001, weight_decay: 0.0001
2026-06-29 11:19:04,689 [INFO] engine.optim_wrapper: Param: neck.convs.2.norm.bias, lr: 0.0001, weight_decay: 0.0001
2026-06-29 11:19:04,689 [INFO] engine.optim_wrapper: Param: neck.extra_convs.0.conv.weight, lr: 0.0001, weight_decay: 0.0001
2026-06-29 11:19:04,689 [INFO] engine.optim_wrapper: Param: neck.extra_convs.0.conv.bias, lr: 0.0001, weight_decay: 0.0001
2026-06-29 11:19:04,690 [INFO] engine.optim_wrapper: Param: neck.extra_convs.0.norm.weight, lr: 0.0001, weight_decay: 0.0001
2026-06-29 11:19:04,690 [INFO] engine.optim_wrapper: Param: neck.extra_convs.0.norm.bias, lr: 0.0001, weight_decay: 0.0001
2026-06-29 11:19:04,690 [INFO] engine.optim_wrapper: Param: neck_ir.convs.0.conv.weight, lr: 0.0001, weight_decay: 0.0001
2026-06-29 11:19:04,690 [INFO] engine.optim_wrapper: Param: neck_ir.convs.0.conv.bias, lr: 0.0001, weight_decay: 0.0001
2026-06-29 11:19:04,690 [INFO] engine.optim_wrapper: Param: neck_ir.convs.0.norm.weight, lr: 0.0001, weight_decay: 0.0001
2026-06-29 11:19:04,690 [INFO] engine.optim_wrapper: Param: neck_ir.convs.0.norm.bias, lr: 0.0001, weight_decay: 0.0001
2026-06-29 11:19:04,690 [INFO] engine.optim_wrapper: Param: neck_ir.convs.1.conv.weight, lr: 0.0001, weight_decay: 0.0001
2026-06-29 11:19:04,690 [INFO] engine.optim_wrapper: Param: neck_ir.convs.1.conv.bias, lr: 0.0001, weight_decay: 0.0001
2026-06-29 11:19:04,690 [INFO] engine.optim_wrapper: Param: neck_ir.convs.1.norm.weight, lr: 0.0001, weight_decay: 0.0001
2026-06-29 11:19:04,690 [INFO] engine.optim_wrapper: Param: neck_ir.convs.1.norm.bias, lr: 0.0001, weight_decay: 0.0001
2026-06-29 11:19:04,690 [INFO] engine.optim_wrapper: Param: neck_ir.convs.2.conv.weight, lr: 0.0001, weight_decay: 0.0001
2026-06-29 11:19:04,690 [INFO] engine.optim_wrapper: Param: neck_ir.convs.2.conv.bias, lr: 0.0001, weight_decay: 0.0001
2026-06-29 11:19:04,690 [INFO] engine.optim_wrapper: Param: neck_ir.convs.2.norm.weight, lr: 0.0001, weight_decay: 0.0001
2026-06-29 11:19:04,690 [INFO] engine.optim_wrapper: Param: neck_ir.convs.2.norm.bias, lr: 0.0001, weight_decay: 0.0001
2026-06-29 11:19:04,690 [INFO] engine.optim_wrapper: Param: neck_ir.extra_convs.0.conv.weight, lr: 0.0001, weight_decay: 0.0001
2026-06-29 11:19:04,691 [INFO] engine.optim_wrapper: Param: neck_ir.extra_convs.0.conv.bias, lr: 0.0001, weight_decay: 0.0001
2026-06-29 11:19:04,691 [INFO] engine.optim_wrapper: Param: neck_ir.extra_convs.0.norm.weight, lr: 0.0001, weight_decay: 0.0001
2026-06-29 11:19:04,691 [INFO] engine.optim_wrapper: Param: neck_ir.extra_convs.0.norm.bias, lr: 0.0001, weight_decay: 0.0001
2026-06-29 11:19:04,691 [INFO] engine.optim_wrapper: Param: fusion_neck.fusion_layers.0.point_wise.weight, lr: 0.0001, weight_decay: 0.0001
2026-06-29 11:19:04,691 [INFO] engine.optim_wrapper: Param: fusion_neck.fusion_layers.0.point_wise.bias, lr: 0.0001, weight_decay: 0.0001
2026-06-29 11:19:04,691 [INFO] engine.optim_wrapper: Param: fusion_neck.fusion_layers.0.attention.blocks.norm1.weight, lr: 0.0001, weight_decay: 0.0001
2026-06-29 11:19:04,691 [INFO] engine.optim_wrapper: Param: fusion_neck.fusion_layers.0.attention.blocks.norm1.bias, lr: 0.0001, weight_decay: 0.0001
2026-06-29 11:19:04,691 [INFO] engine.optim_wrapper: Param: fusion_neck.fusion_layers.0.attention.blocks.norm1_.weight, lr: 0.0001, weight_decay: 0.0001
2026-06-29 11:19:04,691 [INFO] engine.optim_wrapper: Param: fusion_neck.fusion_layers.0.attention.blocks.norm1_.bias, lr: 0.0001, weight_decay: 0.0001
2026-06-29 11:19:04,692 [INFO] engine.optim_wrapper: Param: fusion_neck.fusion_layers.0.attention.blocks.attn.q.weight, lr: 0.0001, weight_decay: 0.0001
2026-06-29 11:19:04,692 [INFO] engine.optim_wrapper: Param: fusion_neck.fusion_layers.0.attention.blocks.attn.q.bias, lr: 0.0001, weight_decay: 0.0001
2026-06-29 11:19:04,692 [INFO] engine.optim_wrapper: Param: fusion_neck.fusion_layers.0.attention.blocks.attn.kv.weight, lr: 0.0001, weight_decay: 0.0001
2026-06-29 11:19:04,692 [INFO] engine.optim_wrapper: Param: fusion_neck.fusion_layers.0.attention.blocks.attn.kv.bias, lr: 0.0001, weight_decay: 0.0001
2026-06-29 11:19:04,692 [INFO] engine.optim_wrapper: Param: fusion_neck.fusion_layers.0.attention.blocks.attn.proj.weight, lr: 0.0001, weight_decay: 0.0001
2026-06-29 11:19:04,692 [INFO] engine.optim_wrapper: Param: fusion_neck.fusion_layers.0.attention.blocks.attn.proj.bias, lr: 0.0001, weight_decay: 0.0001
2026-06-29 11:19:04,692 [INFO] engine.optim_wrapper: Param: fusion_neck.fusion_layers.0.attention.blocks.attn2.q.weight, lr: 0.0001, weight_decay: 0.0001
2026-06-29 11:19:04,692 [INFO] engine.optim_wrapper: Param: fusion_neck.fusion_layers.0.attention.blocks.attn2.q.bias, lr: 0.0001, weight_decay: 0.0001
2026-06-29 11:19:04,692 [INFO] engine.optim_wrapper: Param: fusion_neck.fusion_layers.0.attention.blocks.attn2.kv.weight, lr: 0.0001, weight_decay: 0.0001
2026-06-29 11:19:04,692 [INFO] engine.optim_wrapper: Param: fusion_neck.fusion_layers.0.attention.blocks.attn2.kv.bias, lr: 0.0001, weight_decay: 0.0001
2026-06-29 11:19:04,692 [INFO] engine.optim_wrapper: Param: fusion_neck.fusion_layers.0.attention.blocks.attn2.proj.weight, lr: 0.0001, weight_decay: 0.0001
2026-06-29 11:19:04,692 [INFO] engine.optim_wrapper: Param: fusion_neck.fusion_layers.0.attention.blocks.attn2.proj.bias, lr: 0.0001, weight_decay: 0.0001
2026-06-29 11:19:04,692 [INFO] engine.optim_wrapper: Param: fusion_neck.fusion_layers.0.attention.blocks.cross_attn.rpe_table, lr: 0.0001, weight_decay: 0.0001
2026-06-29 11:19:04,692 [INFO] engine.optim_wrapper: Param: fusion_neck.fusion_layers.0.attention.blocks.cross_attn.offset_network.0.weight, lr: 0.0001, weight_decay: 0.0001
2026-06-29 11:19:04,692 [INFO] engine.optim_wrapper: Param: fusion_neck.fusion_layers.0.attention.blocks.cross_attn.offset_network.0.bias, lr: 0.0001, weight_decay: 0.0001
2026-06-29 11:19:04,692 [INFO] engine.optim_wrapper: Param: fusion_neck.fusion_layers.0.attention.blocks.cross_attn.offset_network.1.weight, lr: 0.0001, weight_decay: 0.0001
2026-06-29 11:19:04,692 [INFO] engine.optim_wrapper: Param: fusion_neck.fusion_layers.0.attention.blocks.cross_attn.offset_network.1.bias, lr: 0.0001, weight_decay: 0.0001
2026-06-29 11:19:04,692 [INFO] engine.optim_wrapper: Param: fusion_neck.fusion_layers.0.attention.blocks.cross_attn.offset_network.3.weight, lr: 0.0001, weight_decay: 0.0001
2026-06-29 11:19:04,692 [INFO] engine.optim_wrapper: Param: fusion_neck.fusion_layers.0.attention.blocks.cross_attn.q.weight, lr: 0.0001, weight_decay: 0.0001
2026-06-29 11:19:04,692 [INFO] engine.optim_wrapper: Param: fusion_neck.fusion_layers.0.attention.blocks.cross_attn.q.bias, lr: 0.0001, weight_decay: 0.0001
2026-06-29 11:19:04,692 [INFO] engine.optim_wrapper: Param: fusion_neck.fusion_layers.0.attention.blocks.cross_attn.k.weight, lr: 0.0001, weight_decay: 0.0001
2026-06-29 11:19:04,692 [INFO] engine.optim_wrapper: Param: fusion_neck.fusion_layers.0.attention.blocks.cross_attn.k.bias, lr: 0.0001, weight_decay: 0.0001
2026-06-29 11:19:04,692 [INFO] engine.optim_wrapper: Param: fusion_neck.fusion_layers.0.attention.blocks.cross_attn.v.weight, lr: 0.0001, weight_decay: 0.0001
2026-06-29 11:19:04,692 [INFO] engine.optim_wrapper: Param: fusion_neck.fusion_layers.0.attention.blocks.cross_attn.v.bias, lr: 0.0001, weight_decay: 0.0001
2026-06-29 11:19:04,692 [INFO] engine.optim_wrapper: Param: fusion_neck.fusion_layers.0.attention.blocks.cross_attn.o.weight, lr: 0.0001, weight_decay: 0.0001
2026-06-29 11:19:04,692 [INFO] engine.optim_wrapper: Param: fusion_neck.fusion_layers.0.attention.blocks.cross_attn.o.bias, lr: 0.0001, weight_decay: 0.0001
2026-06-29 11:19:04,692 [INFO] engine.optim_wrapper: Param: fusion_neck.fusion_layers.0.attention.blocks.cross_attn2.rpe_table, lr: 0.0001, weight_decay: 0.0001
2026-06-29 11:19:04,692 [INFO] engine.optim_wrapper: Param: fusion_neck.fusion_layers.0.attention.blocks.cross_attn2.offset_network.0.weight, lr: 0.0001, weight_decay: 0.0001
2026-06-29 11:19:04,692 [INFO] engine.optim_wrapper: Param: fusion_neck.fusion_layers.0.attention.blocks.cross_attn2.offset_network.0.bias, lr: 0.0001, weight_decay: 0.0001
2026-06-29 11:19:04,692 [INFO] engine.optim_wrapper: Param: fusion_neck.fusion_layers.0.attention.blocks.cross_attn2.offset_network.1.weight, lr: 0.0001, weight_decay: 0.0001
2026-06-29 11:19:04,692 [INFO] engine.optim_wrapper: Param: fusion_neck.fusion_layers.0.attention.blocks.cross_attn2.offset_network.1.bias, lr: 0.0001, weight_decay: 0.0001
2026-06-29 11:19:04,692 [INFO] engine.optim_wrapper: Param: fusion_neck.fusion_layers.0.attention.blocks.cross_attn2.offset_network.3.weight, lr: 0.0001, weight_decay: 0.0001
2026-06-29 11:19:04,692 [INFO] engine.optim_wrapper: Param: fusion_neck.fusion_layers.0.attention.blocks.cross_attn2.q.weight, lr: 0.0001, weight_decay: 0.0001
2026-06-29 11:19:04,693 [INFO] engine.optim_wrapper: Param: fusion_neck.fusion_layers.0.attention.blocks.cross_attn2.q.bias, lr: 0.0001, weight_decay: 0.0001
2026-06-29 11:19:04,693 [INFO] engine.optim_wrapper: Param: fusion_neck.fusion_layers.0.attention.blocks.cross_attn2.k.weight, lr: 0.0001, weight_decay: 0.0001
2026-06-29 11:19:04,693 [INFO] engine.optim_wrapper: Param: fusion_neck.fusion_layers.0.attention.blocks.cross_attn2.k.bias, lr: 0.0001, weight_decay: 0.0001
2026-06-29 11:19:04,693 [INFO] engine.optim_wrapper: Param: fusion_neck.fusion_layers.0.attention.blocks.cross_attn2.v.weight, lr: 0.0001, weight_decay: 0.0001
2026-06-29 11:19:04,693 [INFO] engine.optim_wrapper: Param: fusion_neck.fusion_layers.0.attention.blocks.cross_attn2.v.bias, lr: 0.0001, weight_decay: 0.0001
2026-06-29 11:19:04,693 [INFO] engine.optim_wrapper: Param: fusion_neck.fusion_layers.0.attention.blocks.cross_attn2.o.weight, lr: 0.0001, weight_decay: 0.0001
2026-06-29 11:19:04,693 [INFO] engine.optim_wrapper: Param: fusion_neck.fusion_layers.0.attention.blocks.cross_attn2.o.bias, lr: 0.0001, weight_decay: 0.0001
2026-06-29 11:19:04,693 [INFO] engine.optim_wrapper: Param: fusion_neck.fusion_layers.0.attention.blocks.norm2.weight, lr: 0.0001, weight_decay: 0.0001
2026-06-29 11:19:04,693 [INFO] engine.optim_wrapper: Param: fusion_neck.fusion_layers.0.attention.blocks.norm2.bias, lr: 0.0001, weight_decay: 0.0001
2026-06-29 11:19:04,693 [INFO] engine.optim_wrapper: Param: fusion_neck.fusion_layers.0.attention.blocks.norm2_.weight, lr: 0.0001, weight_decay: 0.0001
2026-06-29 11:19:04,693 [INFO] engine.optim_wrapper: Param: fusion_neck.fusion_layers.0.attention.blocks.norm2_.bias, lr: 0.0001, weight_decay: 0.0001
2026-06-29 11:19:04,693 [INFO] engine.optim_wrapper: Param: fusion_neck.fusion_layers.0.attention.blocks.mlp.conv1.weight, lr: 0.0001, weight_decay: 0.0001
2026-06-29 11:19:04,693 [INFO] engine.optim_wrapper: Param: fusion_neck.fusion_layers.0.attention.blocks.mlp.conv1.bias, lr: 0.0001, weight_decay: 0.0001
2026-06-29 11:19:04,693 [INFO] engine.optim_wrapper: Param: fusion_neck.fusion_layers.0.attention.blocks.mlp.conv2.weight, lr: 0.0001, weight_decay: 0.0001
2026-06-29 11:19:04,693 [INFO] engine.optim_wrapper: Param: fusion_neck.fusion_layers.0.attention.blocks.mlp.conv2.bias, lr: 0.0001, weight_decay: 0.0001
2026-06-29 11:19:04,693 [INFO] engine.optim_wrapper: Param: fusion_neck.fusion_layers.0.attention.blocks.mlp.dwc.weight, lr: 0.0001, weight_decay: 0.0001
2026-06-29 11:19:04,693 [INFO] engine.optim_wrapper: Param: fusion_neck.fusion_layers.0.attention.blocks.mlp.dwc.bias, lr: 0.0001, weight_decay: 0.0001
2026-06-29 11:19:04,693 [INFO] engine.optim_wrapper: Param: fusion_neck.fusion_layers.0.attention.blocks.mlp2.conv1.weight, lr: 0.0001, weight_decay: 0.0001
2026-06-29 11:19:04,693 [INFO] engine.optim_wrapper: Param: fusion_neck.fusion_layers.0.attention.blocks.mlp2.conv1.bias, lr: 0.0001, weight_decay: 0.0001
2026-06-29 11:19:04,693 [INFO] engine.optim_wrapper: Param: fusion_neck.fusion_layers.0.attention.blocks.mlp2.conv2.weight, lr: 0.0001, weight_decay: 0.0001
2026-06-29 11:19:04,693 [INFO] engine.optim_wrapper: Param: fusion_neck.fusion_layers.0.attention.blocks.mlp2.conv2.bias, lr: 0.0001, weight_decay: 0.0001
2026-06-29 11:19:04,693 [INFO] engine.optim_wrapper: Param: fusion_neck.fusion_layers.0.attention.blocks.mlp2.dwc.weight, lr: 0.0001, weight_decay: 0.0001
2026-06-29 11:19:04,693 [INFO] engine.optim_wrapper: Param: fusion_neck.fusion_layers.0.attention.blocks.mlp2.dwc.bias, lr: 0.0001, weight_decay: 0.0001
2026-06-29 11:19:04,693 [INFO] engine.optim_wrapper: Param: fusion_neck.fusion_layers.0.attention.blocks.norm3.weight, lr: 0.0001, weight_decay: 0.0001
2026-06-29 11:19:04,693 [INFO] engine.optim_wrapper: Param: fusion_neck.fusion_layers.0.attention.blocks.norm3.bias, lr: 0.0001, weight_decay: 0.0001
2026-06-29 11:19:04,693 [INFO] engine.optim_wrapper: Param: fusion_neck.fusion_layers.0.attention.blocks.norm3_.weight, lr: 0.0001, weight_decay: 0.0001
2026-06-29 11:19:04,693 [INFO] engine.optim_wrapper: Param: fusion_neck.fusion_layers.0.attention.blocks.norm3_.bias, lr: 0.0001, weight_decay: 0.0001
2026-06-29 11:19:04,693 [INFO] engine.optim_wrapper: Param: fusion_neck.fusion_layers.1.point_wise.weight, lr: 0.0001, weight_decay: 0.0001
2026-06-29 11:19:04,693 [INFO] engine.optim_wrapper: Param: fusion_neck.fusion_layers.1.point_wise.bias, lr: 0.0001, weight_decay: 0.0001
2026-06-29 11:19:04,693 [INFO] engine.optim_wrapper: Param: fusion_neck.fusion_layers.1.attention.blocks.norm1.weight, lr: 0.0001, weight_decay: 0.0001
2026-06-29 11:19:04,693 [INFO] engine.optim_wrapper: Param: fusion_neck.fusion_layers.1.attention.blocks.norm1.bias, lr: 0.0001, weight_decay: 0.0001
2026-06-29 11:19:04,693 [INFO] engine.optim_wrapper: Param: fusion_neck.fusion_layers.1.attention.blocks.norm1_.weight, lr: 0.0001, weight_decay: 0.0001
2026-06-29 11:19:04,693 [INFO] engine.optim_wrapper: Param: fusion_neck.fusion_layers.1.attention.blocks.norm1_.bias, lr: 0.0001, weight_decay: 0.0001
2026-06-29 11:19:04,693 [INFO] engine.optim_wrapper: Param: fusion_neck.fusion_layers.1.attention.blocks.attn.q.weight, lr: 0.0001, weight_decay: 0.0001
2026-06-29 11:19:04,693 [INFO] engine.optim_wrapper: Param: fusion_neck.fusion_layers.1.attention.blocks.attn.q.bias, lr: 0.0001, weight_decay: 0.0001
2026-06-29 11:19:04,693 [INFO] engine.optim_wrapper: Param: fusion_neck.fusion_layers.1.attention.blocks.attn.kv.weight, lr: 0.0001, weight_decay: 0.0001
2026-06-29 11:19:04,694 [INFO] engine.optim_wrapper: Param: fusion_neck.fusion_layers.1.attention.blocks.attn.kv.bias, lr: 0.0001, weight_decay: 0.0001
2026-06-29 11:19:04,694 [INFO] engine.optim_wrapper: Param: fusion_neck.fusion_layers.1.attention.blocks.attn.proj.weight, lr: 0.0001, weight_decay: 0.0001
2026-06-29 11:19:04,694 [INFO] engine.optim_wrapper: Param: fusion_neck.fusion_layers.1.attention.blocks.attn.proj.bias, lr: 0.0001, weight_decay: 0.0001
2026-06-29 11:19:04,694 [INFO] engine.optim_wrapper: Param: fusion_neck.fusion_layers.1.attention.blocks.attn2.q.weight, lr: 0.0001, weight_decay: 0.0001
2026-06-29 11:19:04,694 [INFO] engine.optim_wrapper: Param: fusion_neck.fusion_layers.1.attention.blocks.attn2.q.bias, lr: 0.0001, weight_decay: 0.0001
2026-06-29 11:19:04,694 [INFO] engine.optim_wrapper: Param: fusion_neck.fusion_layers.1.attention.blocks.attn2.kv.weight, lr: 0.0001, weight_decay: 0.0001
2026-06-29 11:19:04,694 [INFO] engine.optim_wrapper: Param: fusion_neck.fusion_layers.1.attention.blocks.attn2.kv.bias, lr: 0.0001, weight_decay: 0.0001
2026-06-29 11:19:04,694 [INFO] engine.optim_wrapper: Param: fusion_neck.fusion_layers.1.attention.blocks.attn2.proj.weight, lr: 0.0001, weight_decay: 0.0001
2026-06-29 11:19:04,694 [INFO] engine.optim_wrapper: Param: fusion_neck.fusion_layers.1.attention.blocks.attn2.proj.bias, lr: 0.0001, weight_decay: 0.0001
2026-06-29 11:19:04,694 [INFO] engine.optim_wrapper: Param: fusion_neck.fusion_layers.1.attention.blocks.cross_attn.rpe_table, lr: 0.0001, weight_decay: 0.0001
2026-06-29 11:19:04,694 [INFO] engine.optim_wrapper: Param: fusion_neck.fusion_layers.1.attention.blocks.cross_attn.offset_network.0.weight, lr: 0.0001, weight_decay: 0.0001
2026-06-29 11:19:04,694 [INFO] engine.optim_wrapper: Param: fusion_neck.fusion_layers.1.attention.blocks.cross_attn.offset_network.0.bias, lr: 0.0001, weight_decay: 0.0001
2026-06-29 11:19:04,694 [INFO] engine.optim_wrapper: Param: fusion_neck.fusion_layers.1.attention.blocks.cross_attn.offset_network.1.weight, lr: 0.0001, weight_decay: 0.0001
2026-06-29 11:19:04,694 [INFO] engine.optim_wrapper: Param: fusion_neck.fusion_layers.1.attention.blocks.cross_attn.offset_network.1.bias, lr: 0.0001, weight_decay: 0.0001
2026-06-29 11:19:04,694 [INFO] engine.optim_wrapper: Param: fusion_neck.fusion_layers.1.attention.blocks.cross_attn.offset_network.3.weight, lr: 0.0001, weight_decay: 0.0001
2026-06-29 11:19:04,694 [INFO] engine.optim_wrapper: Param: fusion_neck.fusion_layers.1.attention.blocks.cross_attn.q.weight, lr: 0.0001, weight_decay: 0.0001
2026-06-29 11:19:04,694 [INFO] engine.optim_wrapper: Param: fusion_neck.fusion_layers.1.attention.blocks.cross_attn.q.bias, lr: 0.0001, weight_decay: 0.0001
2026-06-29 11:19:04,694 [INFO] engine.optim_wrapper: Param: fusion_neck.fusion_layers.1.attention.blocks.cross_attn.k.weight, lr: 0.0001, weight_decay: 0.0001
2026-06-29 11:19:04,694 [INFO] engine.optim_wrapper: Param: fusion_neck.fusion_layers.1.attention.blocks.cross_attn.k.bias, lr: 0.0001, weight_decay: 0.0001
2026-06-29 11:19:04,694 [INFO] engine.optim_wrapper: Param: fusion_neck.fusion_layers.1.attention.blocks.cross_attn.v.weight, lr: 0.0001, weight_decay: 0.0001
2026-06-29 11:19:04,694 [INFO] engine.optim_wrapper: Param: fusion_neck.fusion_layers.1.attention.blocks.cross_attn.v.bias, lr: 0.0001, weight_decay: 0.0001
2026-06-29 11:19:04,694 [INFO] engine.optim_wrapper: Param: fusion_neck.fusion_layers.1.attention.blocks.cross_attn.o.weight, lr: 0.0001, weight_decay: 0.0001
2026-06-29 11:19:04,694 [INFO] engine.optim_wrapper: Param: fusion_neck.fusion_layers.1.attention.blocks.cross_attn.o.bias, lr: 0.0001, weight_decay: 0.0001
2026-06-29 11:19:04,694 [INFO] engine.optim_wrapper: Param: fusion_neck.fusion_layers.1.attention.blocks.cross_attn2.rpe_table, lr: 0.0001, weight_decay: 0.0001
2026-06-29 11:19:04,694 [INFO] engine.optim_wrapper: Param: fusion_neck.fusion_layers.1.attention.blocks.cross_attn2.offset_network.0.weight, lr: 0.0001, weight_decay: 0.0001
2026-06-29 11:19:04,694 [INFO] engine.optim_wrapper: Param: fusion_neck.fusion_layers.1.attention.blocks.cross_attn2.offset_network.0.bias, lr: 0.0001, weight_decay: 0.0001
2026-06-29 11:19:04,694 [INFO] engine.optim_wrapper: Param: fusion_neck.fusion_layers.1.attention.blocks.cross_attn2.offset_network.1.weight, lr: 0.0001, weight_decay: 0.0001
2026-06-29 11:19:04,694 [INFO] engine.optim_wrapper: Param: fusion_neck.fusion_layers.1.attention.blocks.cross_attn2.offset_network.1.bias, lr: 0.0001, weight_decay: 0.0001
2026-06-29 11:19:04,694 [INFO] engine.optim_wrapper: Param: fusion_neck.fusion_layers.1.attention.blocks.cross_attn2.offset_network.3.weight, lr: 0.0001, weight_decay: 0.0001
2026-06-29 11:19:04,694 [INFO] engine.optim_wrapper: Param: fusion_neck.fusion_layers.1.attention.blocks.cross_attn2.q.weight, lr: 0.0001, weight_decay: 0.0001
2026-06-29 11:19:04,694 [INFO] engine.optim_wrapper: Param: fusion_neck.fusion_layers.1.attention.blocks.cross_attn2.q.bias, lr: 0.0001, weight_decay: 0.0001
2026-06-29 11:19:04,694 [INFO] engine.optim_wrapper: Param: fusion_neck.fusion_layers.1.attention.blocks.cross_attn2.k.weight, lr: 0.0001, weight_decay: 0.0001
2026-06-29 11:19:04,694 [INFO] engine.optim_wrapper: Param: fusion_neck.fusion_layers.1.attention.blocks.cross_attn2.k.bias, lr: 0.0001, weight_decay: 0.0001
2026-06-29 11:19:04,694 [INFO] engine.optim_wrapper: Param: fusion_neck.fusion_layers.1.attention.blocks.cross_attn2.v.weight, lr: 0.0001, weight_decay: 0.0001
2026-06-29 11:19:04,695 [INFO] engine.optim_wrapper: Param: fusion_neck.fusion_layers.1.attention.blocks.cross_attn2.v.bias, lr: 0.0001, weight_decay: 0.0001
2026-06-29 11:19:04,695 [INFO] engine.optim_wrapper: Param: fusion_neck.fusion_layers.1.attention.blocks.cross_attn2.o.weight, lr: 0.0001, weight_decay: 0.0001
2026-06-29 11:19:04,695 [INFO] engine.optim_wrapper: Param: fusion_neck.fusion_layers.1.attention.blocks.cross_attn2.o.bias, lr: 0.0001, weight_decay: 0.0001
2026-06-29 11:19:04,695 [INFO] engine.optim_wrapper: Param: fusion_neck.fusion_layers.1.attention.blocks.norm2.weight, lr: 0.0001, weight_decay: 0.0001
2026-06-29 11:19:04,695 [INFO] engine.optim_wrapper: Param: fusion_neck.fusion_layers.1.attention.blocks.norm2.bias, lr: 0.0001, weight_decay: 0.0001
2026-06-29 11:19:04,695 [INFO] engine.optim_wrapper: Param: fusion_neck.fusion_layers.1.attention.blocks.norm2_.weight, lr: 0.0001, weight_decay: 0.0001
2026-06-29 11:19:04,695 [INFO] engine.optim_wrapper: Param: fusion_neck.fusion_layers.1.attention.blocks.norm2_.bias, lr: 0.0001, weight_decay: 0.0001
2026-06-29 11:19:04,695 [INFO] engine.optim_wrapper: Param: fusion_neck.fusion_layers.1.attention.blocks.mlp.conv1.weight, lr: 0.0001, weight_decay: 0.0001
2026-06-29 11:19:04,695 [INFO] engine.optim_wrapper: Param: fusion_neck.fusion_layers.1.attention.blocks.mlp.conv1.bias, lr: 0.0001, weight_decay: 0.0001
2026-06-29 11:19:04,695 [INFO] engine.optim_wrapper: Param: fusion_neck.fusion_layers.1.attention.blocks.mlp.conv2.weight, lr: 0.0001, weight_decay: 0.0001
2026-06-29 11:19:04,695 [INFO] engine.optim_wrapper: Param: fusion_neck.fusion_layers.1.attention.blocks.mlp.conv2.bias, lr: 0.0001, weight_decay: 0.0001
2026-06-29 11:19:04,695 [INFO] engine.optim_wrapper: Param: fusion_neck.fusion_layers.1.attention.blocks.mlp.dwc.weight, lr: 0.0001, weight_decay: 0.0001
2026-06-29 11:19:04,695 [INFO] engine.optim_wrapper: Param: fusion_neck.fusion_layers.1.attention.blocks.mlp.dwc.bias, lr: 0.0001, weight_decay: 0.0001
2026-06-29 11:19:04,695 [INFO] engine.optim_wrapper: Param: fusion_neck.fusion_layers.1.attention.blocks.mlp2.conv1.weight, lr: 0.0001, weight_decay: 0.0001
2026-06-29 11:19:04,695 [INFO] engine.optim_wrapper: Param: fusion_neck.fusion_layers.1.attention.blocks.mlp2.conv1.bias, lr: 0.0001, weight_decay: 0.0001
2026-06-29 11:19:04,695 [INFO] engine.optim_wrapper: Param: fusion_neck.fusion_layers.1.attention.blocks.mlp2.conv2.weight, lr: 0.0001, weight_decay: 0.0001
2026-06-29 11:19:04,695 [INFO] engine.optim_wrapper: Param: fusion_neck.fusion_layers.1.attention.blocks.mlp2.conv2.bias, lr: 0.0001, weight_decay: 0.0001
2026-06-29 11:19:04,695 [INFO] engine.optim_wrapper: Param: fusion_neck.fusion_layers.1.attention.blocks.mlp2.dwc.weight, lr: 0.0001, weight_decay: 0.0001
2026-06-29 11:19:04,695 [INFO] engine.optim_wrapper: Param: fusion_neck.fusion_layers.1.attention.blocks.mlp2.dwc.bias, lr: 0.0001, weight_decay: 0.0001
2026-06-29 11:19:04,695 [INFO] engine.optim_wrapper: Param: fusion_neck.fusion_layers.1.attention.blocks.norm3.weight, lr: 0.0001, weight_decay: 0.0001
2026-06-29 11:19:04,695 [INFO] engine.optim_wrapper: Param: fusion_neck.fusion_layers.1.attention.blocks.norm3.bias, lr: 0.0001, weight_decay: 0.0001
2026-06-29 11:19:04,695 [INFO] engine.optim_wrapper: Param: fusion_neck.fusion_layers.1.attention.blocks.norm3_.weight, lr: 0.0001, weight_decay: 0.0001
2026-06-29 11:19:04,695 [INFO] engine.optim_wrapper: Param: fusion_neck.fusion_layers.1.attention.blocks.norm3_.bias, lr: 0.0001, weight_decay: 0.0001
2026-06-29 11:19:04,695 [INFO] engine.optim_wrapper: Param: fusion_neck.fusion_layers.2.point_wise.weight, lr: 0.0001, weight_decay: 0.0001
2026-06-29 11:19:04,695 [INFO] engine.optim_wrapper: Param: fusion_neck.fusion_layers.2.point_wise.bias, lr: 0.0001, weight_decay: 0.0001
2026-06-29 11:19:04,695 [INFO] engine.optim_wrapper: Param: fusion_neck.fusion_layers.2.attention.blocks.norm1.weight, lr: 0.0001, weight_decay: 0.0001
2026-06-29 11:19:04,695 [INFO] engine.optim_wrapper: Param: fusion_neck.fusion_layers.2.attention.blocks.norm1.bias, lr: 0.0001, weight_decay: 0.0001
2026-06-29 11:19:04,695 [INFO] engine.optim_wrapper: Param: fusion_neck.fusion_layers.2.attention.blocks.norm1_.weight, lr: 0.0001, weight_decay: 0.0001
2026-06-29 11:19:04,695 [INFO] engine.optim_wrapper: Param: fusion_neck.fusion_layers.2.attention.blocks.norm1_.bias, lr: 0.0001, weight_decay: 0.0001
2026-06-29 11:19:04,695 [INFO] engine.optim_wrapper: Param: fusion_neck.fusion_layers.2.attention.blocks.attn.q.weight, lr: 0.0001, weight_decay: 0.0001
2026-06-29 11:19:04,695 [INFO] engine.optim_wrapper: Param: fusion_neck.fusion_layers.2.attention.blocks.attn.q.bias, lr: 0.0001, weight_decay: 0.0001
2026-06-29 11:19:04,695 [INFO] engine.optim_wrapper: Param: fusion_neck.fusion_layers.2.attention.blocks.attn.kv.weight, lr: 0.0001, weight_decay: 0.0001
2026-06-29 11:19:04,695 [INFO] engine.optim_wrapper: Param: fusion_neck.fusion_layers.2.attention.blocks.attn.kv.bias, lr: 0.0001, weight_decay: 0.0001
2026-06-29 11:19:04,695 [INFO] engine.optim_wrapper: Param: fusion_neck.fusion_layers.2.attention.blocks.attn.proj.weight, lr: 0.0001, weight_decay: 0.0001
2026-06-29 11:19:04,696 [INFO] engine.optim_wrapper: Param: fusion_neck.fusion_layers.2.attention.blocks.attn.proj.bias, lr: 0.0001, weight_decay: 0.0001
2026-06-29 11:19:04,696 [INFO] engine.optim_wrapper: Param: fusion_neck.fusion_layers.2.attention.blocks.attn2.q.weight, lr: 0.0001, weight_decay: 0.0001
2026-06-29 11:19:04,696 [INFO] engine.optim_wrapper: Param: fusion_neck.fusion_layers.2.attention.blocks.attn2.q.bias, lr: 0.0001, weight_decay: 0.0001
2026-06-29 11:19:04,696 [INFO] engine.optim_wrapper: Param: fusion_neck.fusion_layers.2.attention.blocks.attn2.kv.weight, lr: 0.0001, weight_decay: 0.0001
2026-06-29 11:19:04,696 [INFO] engine.optim_wrapper: Param: fusion_neck.fusion_layers.2.attention.blocks.attn2.kv.bias, lr: 0.0001, weight_decay: 0.0001
2026-06-29 11:19:04,696 [INFO] engine.optim_wrapper: Param: fusion_neck.fusion_layers.2.attention.blocks.attn2.proj.weight, lr: 0.0001, weight_decay: 0.0001
2026-06-29 11:19:04,696 [INFO] engine.optim_wrapper: Param: fusion_neck.fusion_layers.2.attention.blocks.attn2.proj.bias, lr: 0.0001, weight_decay: 0.0001
2026-06-29 11:19:04,696 [INFO] engine.optim_wrapper: Param: fusion_neck.fusion_layers.2.attention.blocks.cross_attn.rpe_table, lr: 0.0001, weight_decay: 0.0001
2026-06-29 11:19:04,696 [INFO] engine.optim_wrapper: Param: fusion_neck.fusion_layers.2.attention.blocks.cross_attn.offset_network.0.weight, lr: 0.0001, weight_decay: 0.0001
2026-06-29 11:19:04,696 [INFO] engine.optim_wrapper: Param: fusion_neck.fusion_layers.2.attention.blocks.cross_attn.offset_network.0.bias, lr: 0.0001, weight_decay: 0.0001
2026-06-29 11:19:04,696 [INFO] engine.optim_wrapper: Param: fusion_neck.fusion_layers.2.attention.blocks.cross_attn.offset_network.1.weight, lr: 0.0001, weight_decay: 0.0001
2026-06-29 11:19:04,696 [INFO] engine.optim_wrapper: Param: fusion_neck.fusion_layers.2.attention.blocks.cross_attn.offset_network.1.bias, lr: 0.0001, weight_decay: 0.0001
2026-06-29 11:19:04,696 [INFO] engine.optim_wrapper: Param: fusion_neck.fusion_layers.2.attention.blocks.cross_attn.offset_network.3.weight, lr: 0.0001, weight_decay: 0.0001
2026-06-29 11:19:04,696 [INFO] engine.optim_wrapper: Param: fusion_neck.fusion_layers.2.attention.blocks.cross_attn.q.weight, lr: 0.0001, weight_decay: 0.0001
2026-06-29 11:19:04,696 [INFO] engine.optim_wrapper: Param: fusion_neck.fusion_layers.2.attention.blocks.cross_attn.q.bias, lr: 0.0001, weight_decay: 0.0001
2026-06-29 11:19:04,696 [INFO] engine.optim_wrapper: Param: fusion_neck.fusion_layers.2.attention.blocks.cross_attn.k.weight, lr: 0.0001, weight_decay: 0.0001
2026-06-29 11:19:04,696 [INFO] engine.optim_wrapper: Param: fusion_neck.fusion_layers.2.attention.blocks.cross_attn.k.bias, lr: 0.0001, weight_decay: 0.0001
2026-06-29 11:19:04,696 [INFO] engine.optim_wrapper: Param: fusion_neck.fusion_layers.2.attention.blocks.cross_attn.v.weight, lr: 0.0001, weight_decay: 0.0001
2026-06-29 11:19:04,696 [INFO] engine.optim_wrapper: Param: fusion_neck.fusion_layers.2.attention.blocks.cross_attn.v.bias, lr: 0.0001, weight_decay: 0.0001
2026-06-29 11:19:04,696 [INFO] engine.optim_wrapper: Param: fusion_neck.fusion_layers.2.attention.blocks.cross_attn.o.weight, lr: 0.0001, weight_decay: 0.0001
2026-06-29 11:19:04,696 [INFO] engine.optim_wrapper: Param: fusion_neck.fusion_layers.2.attention.blocks.cross_attn.o.bias, lr: 0.0001, weight_decay: 0.0001
2026-06-29 11:19:04,696 [INFO] engine.optim_wrapper: Param: fusion_neck.fusion_layers.2.attention.blocks.cross_attn2.rpe_table, lr: 0.0001, weight_decay: 0.0001
2026-06-29 11:19:04,696 [INFO] engine.optim_wrapper: Param: fusion_neck.fusion_layers.2.attention.blocks.cross_attn2.offset_network.0.weight, lr: 0.0001, weight_decay: 0.0001
2026-06-29 11:19:04,696 [INFO] engine.optim_wrapper: Param: fusion_neck.fusion_layers.2.attention.blocks.cross_attn2.offset_network.0.bias, lr: 0.0001, weight_decay: 0.0001
2026-06-29 11:19:04,696 [INFO] engine.optim_wrapper: Param: fusion_neck.fusion_layers.2.attention.blocks.cross_attn2.offset_network.1.weight, lr: 0.0001, weight_decay: 0.0001
2026-06-29 11:19:04,696 [INFO] engine.optim_wrapper: Param: fusion_neck.fusion_layers.2.attention.blocks.cross_attn2.offset_network.1.bias, lr: 0.0001, weight_decay: 0.0001
2026-06-29 11:19:04,696 [INFO] engine.optim_wrapper: Param: fusion_neck.fusion_layers.2.attention.blocks.cross_attn2.offset_network.3.weight, lr: 0.0001, weight_decay: 0.0001
2026-06-29 11:19:04,696 [INFO] engine.optim_wrapper: Param: fusion_neck.fusion_layers.2.attention.blocks.cross_attn2.q.weight, lr: 0.0001, weight_decay: 0.0001
2026-06-29 11:19:04,696 [INFO] engine.optim_wrapper: Param: fusion_neck.fusion_layers.2.attention.blocks.cross_attn2.q.bias, lr: 0.0001, weight_decay: 0.0001
2026-06-29 11:19:04,696 [INFO] engine.optim_wrapper: Param: fusion_neck.fusion_layers.2.attention.blocks.cross_attn2.k.weight, lr: 0.0001, weight_decay: 0.0001
2026-06-29 11:19:04,696 [INFO] engine.optim_wrapper: Param: fusion_neck.fusion_layers.2.attention.blocks.cross_attn2.k.bias, lr: 0.0001, weight_decay: 0.0001
2026-06-29 11:19:04,696 [INFO] engine.optim_wrapper: Param: fusion_neck.fusion_layers.2.attention.blocks.cross_attn2.v.weight, lr: 0.0001, weight_decay: 0.0001
2026-06-29 11:19:04,696 [INFO] engine.optim_wrapper: Param: fusion_neck.fusion_layers.2.attention.blocks.cross_attn2.v.bias, lr: 0.0001, weight_decay: 0.0001
2026-06-29 11:19:04,696 [INFO] engine.optim_wrapper: Param: fusion_neck.fusion_layers.2.attention.blocks.cross_attn2.o.weight, lr: 0.0001, weight_decay: 0.0001
2026-06-29 11:19:04,697 [INFO] engine.optim_wrapper: Param: fusion_neck.fusion_layers.2.attention.blocks.cross_attn2.o.bias, lr: 0.0001, weight_decay: 0.0001
2026-06-29 11:19:04,697 [INFO] engine.optim_wrapper: Param: fusion_neck.fusion_layers.2.attention.blocks.norm2.weight, lr: 0.0001, weight_decay: 0.0001
2026-06-29 11:19:04,697 [INFO] engine.optim_wrapper: Param: fusion_neck.fusion_layers.2.attention.blocks.norm2.bias, lr: 0.0001, weight_decay: 0.0001
2026-06-29 11:19:04,697 [INFO] engine.optim_wrapper: Param: fusion_neck.fusion_layers.2.attention.blocks.norm2_.weight, lr: 0.0001, weight_decay: 0.0001
2026-06-29 11:19:04,697 [INFO] engine.optim_wrapper: Param: fusion_neck.fusion_layers.2.attention.blocks.norm2_.bias, lr: 0.0001, weight_decay: 0.0001
2026-06-29 11:19:04,697 [INFO] engine.optim_wrapper: Param: fusion_neck.fusion_layers.2.attention.blocks.mlp.conv1.weight, lr: 0.0001, weight_decay: 0.0001
2026-06-29 11:19:04,697 [INFO] engine.optim_wrapper: Param: fusion_neck.fusion_layers.2.attention.blocks.mlp.conv1.bias, lr: 0.0001, weight_decay: 0.0001
2026-06-29 11:19:04,697 [INFO] engine.optim_wrapper: Param: fusion_neck.fusion_layers.2.attention.blocks.mlp.conv2.weight, lr: 0.0001, weight_decay: 0.0001
2026-06-29 11:19:04,697 [INFO] engine.optim_wrapper: Param: fusion_neck.fusion_layers.2.attention.blocks.mlp.conv2.bias, lr: 0.0001, weight_decay: 0.0001
2026-06-29 11:19:04,697 [INFO] engine.optim_wrapper: Param: fusion_neck.fusion_layers.2.attention.blocks.mlp.dwc.weight, lr: 0.0001, weight_decay: 0.0001
2026-06-29 11:19:04,697 [INFO] engine.optim_wrapper: Param: fusion_neck.fusion_layers.2.attention.blocks.mlp.dwc.bias, lr: 0.0001, weight_decay: 0.0001
2026-06-29 11:19:04,697 [INFO] engine.optim_wrapper: Param: fusion_neck.fusion_layers.2.attention.blocks.mlp2.conv1.weight, lr: 0.0001, weight_decay: 0.0001
2026-06-29 11:19:04,697 [INFO] engine.optim_wrapper: Param: fusion_neck.fusion_layers.2.attention.blocks.mlp2.conv1.bias, lr: 0.0001, weight_decay: 0.0001
2026-06-29 11:19:04,697 [INFO] engine.optim_wrapper: Param: fusion_neck.fusion_layers.2.attention.blocks.mlp2.conv2.weight, lr: 0.0001, weight_decay: 0.0001
2026-06-29 11:19:04,697 [INFO] engine.optim_wrapper: Param: fusion_neck.fusion_layers.2.attention.blocks.mlp2.conv2.bias, lr: 0.0001, weight_decay: 0.0001
2026-06-29 11:19:04,697 [INFO] engine.optim_wrapper: Param: fusion_neck.fusion_layers.2.attention.blocks.mlp2.dwc.weight, lr: 0.0001, weight_decay: 0.0001
2026-06-29 11:19:04,697 [INFO] engine.optim_wrapper: Param: fusion_neck.fusion_layers.2.attention.blocks.mlp2.dwc.bias, lr: 0.0001, weight_decay: 0.0001
2026-06-29 11:19:04,697 [INFO] engine.optim_wrapper: Param: fusion_neck.fusion_layers.2.attention.blocks.norm3.weight, lr: 0.0001, weight_decay: 0.0001
2026-06-29 11:19:04,697 [INFO] engine.optim_wrapper: Param: fusion_neck.fusion_layers.2.attention.blocks.norm3.bias, lr: 0.0001, weight_decay: 0.0001
2026-06-29 11:19:04,697 [INFO] engine.optim_wrapper: Param: fusion_neck.fusion_layers.2.attention.blocks.norm3_.weight, lr: 0.0001, weight_decay: 0.0001
2026-06-29 11:19:04,697 [INFO] engine.optim_wrapper: Param: fusion_neck.fusion_layers.2.attention.blocks.norm3_.bias, lr: 0.0001, weight_decay: 0.0001
2026-06-29 11:19:04,697 [INFO] engine.optim_wrapper: Param: fusion_neck.fusion_layers.3.point_wise.weight, lr: 0.0001, weight_decay: 0.0001
2026-06-29 11:19:04,697 [INFO] engine.optim_wrapper: Param: fusion_neck.fusion_layers.3.point_wise.bias, lr: 0.0001, weight_decay: 0.0001
2026-06-29 11:19:04,697 [INFO] engine.optim_wrapper: Param: fusion_neck.fusion_layers.3.attention.blocks.norm1.weight, lr: 0.0001, weight_decay: 0.0001
2026-06-29 11:19:04,697 [INFO] engine.optim_wrapper: Param: fusion_neck.fusion_layers.3.attention.blocks.norm1.bias, lr: 0.0001, weight_decay: 0.0001
2026-06-29 11:19:04,697 [INFO] engine.optim_wrapper: Param: fusion_neck.fusion_layers.3.attention.blocks.norm1_.weight, lr: 0.0001, weight_decay: 0.0001
2026-06-29 11:19:04,697 [INFO] engine.optim_wrapper: Param: fusion_neck.fusion_layers.3.attention.blocks.norm1_.bias, lr: 0.0001, weight_decay: 0.0001
2026-06-29 11:19:04,697 [INFO] engine.optim_wrapper: Param: fusion_neck.fusion_layers.3.attention.blocks.attn.q.weight, lr: 0.0001, weight_decay: 0.0001
2026-06-29 11:19:04,697 [INFO] engine.optim_wrapper: Param: fusion_neck.fusion_layers.3.attention.blocks.attn.q.bias, lr: 0.0001, weight_decay: 0.0001
2026-06-29 11:19:04,697 [INFO] engine.optim_wrapper: Param: fusion_neck.fusion_layers.3.attention.blocks.attn.kv.weight, lr: 0.0001, weight_decay: 0.0001
2026-06-29 11:19:04,697 [INFO] engine.optim_wrapper: Param: fusion_neck.fusion_layers.3.attention.blocks.attn.kv.bias, lr: 0.0001, weight_decay: 0.0001
2026-06-29 11:19:04,697 [INFO] engine.optim_wrapper: Param: fusion_neck.fusion_layers.3.attention.blocks.attn.proj.weight, lr: 0.0001, weight_decay: 0.0001
2026-06-29 11:19:04,697 [INFO] engine.optim_wrapper: Param: fusion_neck.fusion_layers.3.attention.blocks.attn.proj.bias, lr: 0.0001, weight_decay: 0.0001
2026-06-29 11:19:04,697 [INFO] engine.optim_wrapper: Param: fusion_neck.fusion_layers.3.attention.blocks.attn2.q.weight, lr: 0.0001, weight_decay: 0.0001
2026-06-29 11:19:04,697 [INFO] engine.optim_wrapper: Param: fusion_neck.fusion_layers.3.attention.blocks.attn2.q.bias, lr: 0.0001, weight_decay: 0.0001
2026-06-29 11:19:04,698 [INFO] engine.optim_wrapper: Param: fusion_neck.fusion_layers.3.attention.blocks.attn2.kv.weight, lr: 0.0001, weight_decay: 0.0001
2026-06-29 11:19:04,698 [INFO] engine.optim_wrapper: Param: fusion_neck.fusion_layers.3.attention.blocks.attn2.kv.bias, lr: 0.0001, weight_decay: 0.0001
2026-06-29 11:19:04,698 [INFO] engine.optim_wrapper: Param: fusion_neck.fusion_layers.3.attention.blocks.attn2.proj.weight, lr: 0.0001, weight_decay: 0.0001
2026-06-29 11:19:04,698 [INFO] engine.optim_wrapper: Param: fusion_neck.fusion_layers.3.attention.blocks.attn2.proj.bias, lr: 0.0001, weight_decay: 0.0001
2026-06-29 11:19:04,698 [INFO] engine.optim_wrapper: Param: fusion_neck.fusion_layers.3.attention.blocks.cross_attn.rpe_table, lr: 0.0001, weight_decay: 0.0001
2026-06-29 11:19:04,698 [INFO] engine.optim_wrapper: Param: fusion_neck.fusion_layers.3.attention.blocks.cross_attn.offset_network.0.weight, lr: 0.0001, weight_decay: 0.0001
2026-06-29 11:19:04,698 [INFO] engine.optim_wrapper: Param: fusion_neck.fusion_layers.3.attention.blocks.cross_attn.offset_network.0.bias, lr: 0.0001, weight_decay: 0.0001
2026-06-29 11:19:04,698 [INFO] engine.optim_wrapper: Param: fusion_neck.fusion_layers.3.attention.blocks.cross_attn.offset_network.1.weight, lr: 0.0001, weight_decay: 0.0001
2026-06-29 11:19:04,702 [INFO] engine.optim_wrapper: Param: fusion_neck.fusion_layers.3.attention.blocks.cross_attn.offset_network.1.bias, lr: 0.0001, weight_decay: 0.0001
2026-06-29 11:19:04,702 [INFO] engine.optim_wrapper: Param: fusion_neck.fusion_layers.3.attention.blocks.cross_attn.offset_network.3.weight, lr: 0.0001, weight_decay: 0.0001
2026-06-29 11:19:04,702 [INFO] engine.optim_wrapper: Param: fusion_neck.fusion_layers.3.attention.blocks.cross_attn.q.weight, lr: 0.0001, weight_decay: 0.0001
2026-06-29 11:19:04,702 [INFO] engine.optim_wrapper: Param: fusion_neck.fusion_layers.3.attention.blocks.cross_attn.q.bias, lr: 0.0001, weight_decay: 0.0001
2026-06-29 11:19:04,702 [INFO] engine.optim_wrapper: Param: fusion_neck.fusion_layers.3.attention.blocks.cross_attn.k.weight, lr: 0.0001, weight_decay: 0.0001
2026-06-29 11:19:04,702 [INFO] engine.optim_wrapper: Param: fusion_neck.fusion_layers.3.attention.blocks.cross_attn.k.bias, lr: 0.0001, weight_decay: 0.0001
2026-06-29 11:19:04,702 [INFO] engine.optim_wrapper: Param: fusion_neck.fusion_layers.3.attention.blocks.cross_attn.v.weight, lr: 0.0001, weight_decay: 0.0001
2026-06-29 11:19:04,702 [INFO] engine.optim_wrapper: Param: fusion_neck.fusion_layers.3.attention.blocks.cross_attn.v.bias, lr: 0.0001, weight_decay: 0.0001
2026-06-29 11:19:04,702 [INFO] engine.optim_wrapper: Param: fusion_neck.fusion_layers.3.attention.blocks.cross_attn.o.weight, lr: 0.0001, weight_decay: 0.0001
2026-06-29 11:19:04,702 [INFO] engine.optim_wrapper: Param: fusion_neck.fusion_layers.3.attention.blocks.cross_attn.o.bias, lr: 0.0001, weight_decay: 0.0001
2026-06-29 11:19:04,702 [INFO] engine.optim_wrapper: Param: fusion_neck.fusion_layers.3.attention.blocks.cross_attn2.rpe_table, lr: 0.0001, weight_decay: 0.0001
2026-06-29 11:19:04,702 [INFO] engine.optim_wrapper: Param: fusion_neck.fusion_layers.3.attention.blocks.cross_attn2.offset_network.0.weight, lr: 0.0001, weight_decay: 0.0001
2026-06-29 11:19:04,702 [INFO] engine.optim_wrapper: Param: fusion_neck.fusion_layers.3.attention.blocks.cross_attn2.offset_network.0.bias, lr: 0.0001, weight_decay: 0.0001
2026-06-29 11:19:04,702 [INFO] engine.optim_wrapper: Param: fusion_neck.fusion_layers.3.attention.blocks.cross_attn2.offset_network.1.weight, lr: 0.0001, weight_decay: 0.0001
2026-06-29 11:19:04,702 [INFO] engine.optim_wrapper: Param: fusion_neck.fusion_layers.3.attention.blocks.cross_attn2.offset_network.1.bias, lr: 0.0001, weight_decay: 0.0001
2026-06-29 11:19:04,702 [INFO] engine.optim_wrapper: Param: fusion_neck.fusion_layers.3.attention.blocks.cross_attn2.offset_network.3.weight, lr: 0.0001, weight_decay: 0.0001
2026-06-29 11:19:04,702 [INFO] engine.optim_wrapper: Param: fusion_neck.fusion_layers.3.attention.blocks.cross_attn2.q.weight, lr: 0.0001, weight_decay: 0.0001
2026-06-29 11:19:04,702 [INFO] engine.optim_wrapper: Param: fusion_neck.fusion_layers.3.attention.blocks.cross_attn2.q.bias, lr: 0.0001, weight_decay: 0.0001
2026-06-29 11:19:04,702 [INFO] engine.optim_wrapper: Param: fusion_neck.fusion_layers.3.attention.blocks.cross_attn2.k.weight, lr: 0.0001, weight_decay: 0.0001
2026-06-29 11:19:04,702 [INFO] engine.optim_wrapper: Param: fusion_neck.fusion_layers.3.attention.blocks.cross_attn2.k.bias, lr: 0.0001, weight_decay: 0.0001
2026-06-29 11:19:04,702 [INFO] engine.optim_wrapper: Param: fusion_neck.fusion_layers.3.attention.blocks.cross_attn2.v.weight, lr: 0.0001, weight_decay: 0.0001
2026-06-29 11:19:04,702 [INFO] engine.optim_wrapper: Param: fusion_neck.fusion_layers.3.attention.blocks.cross_attn2.v.bias, lr: 0.0001, weight_decay: 0.0001
2026-06-29 11:19:04,702 [INFO] engine.optim_wrapper: Param: fusion_neck.fusion_layers.3.attention.blocks.cross_attn2.o.weight, lr: 0.0001, weight_decay: 0.0001
2026-06-29 11:19:04,702 [INFO] engine.optim_wrapper: Param: fusion_neck.fusion_layers.3.attention.blocks.cross_attn2.o.bias, lr: 0.0001, weight_decay: 0.0001
2026-06-29 11:19:04,702 [INFO] engine.optim_wrapper: Param: fusion_neck.fusion_layers.3.attention.blocks.norm2.weight, lr: 0.0001, weight_decay: 0.0001
2026-06-29 11:19:04,702 [INFO] engine.optim_wrapper: Param: fusion_neck.fusion_layers.3.attention.blocks.norm2.bias, lr: 0.0001, weight_decay: 0.0001
2026-06-29 11:19:04,702 [INFO] engine.optim_wrapper: Param: fusion_neck.fusion_layers.3.attention.blocks.norm2_.weight, lr: 0.0001, weight_decay: 0.0001
2026-06-29 11:19:04,702 [INFO] engine.optim_wrapper: Param: fusion_neck.fusion_layers.3.attention.blocks.norm2_.bias, lr: 0.0001, weight_decay: 0.0001
2026-06-29 11:19:04,702 [INFO] engine.optim_wrapper: Param: fusion_neck.fusion_layers.3.attention.blocks.mlp.conv1.weight, lr: 0.0001, weight_decay: 0.0001
2026-06-29 11:19:04,702 [INFO] engine.optim_wrapper: Param: fusion_neck.fusion_layers.3.attention.blocks.mlp.conv1.bias, lr: 0.0001, weight_decay: 0.0001
2026-06-29 11:19:04,703 [INFO] engine.optim_wrapper: Param: fusion_neck.fusion_layers.3.attention.blocks.mlp.conv2.weight, lr: 0.0001, weight_decay: 0.0001
2026-06-29 11:19:04,703 [INFO] engine.optim_wrapper: Param: fusion_neck.fusion_layers.3.attention.blocks.mlp.conv2.bias, lr: 0.0001, weight_decay: 0.0001
2026-06-29 11:19:04,703 [INFO] engine.optim_wrapper: Param: fusion_neck.fusion_layers.3.attention.blocks.mlp.dwc.weight, lr: 0.0001, weight_decay: 0.0001
2026-06-29 11:19:04,703 [INFO] engine.optim_wrapper: Param: fusion_neck.fusion_layers.3.attention.blocks.mlp.dwc.bias, lr: 0.0001, weight_decay: 0.0001
2026-06-29 11:19:04,703 [INFO] engine.optim_wrapper: Param: fusion_neck.fusion_layers.3.attention.blocks.mlp2.conv1.weight, lr: 0.0001, weight_decay: 0.0001
2026-06-29 11:19:04,703 [INFO] engine.optim_wrapper: Param: fusion_neck.fusion_layers.3.attention.blocks.mlp2.conv1.bias, lr: 0.0001, weight_decay: 0.0001
2026-06-29 11:19:04,703 [INFO] engine.optim_wrapper: Param: fusion_neck.fusion_layers.3.attention.blocks.mlp2.conv2.weight, lr: 0.0001, weight_decay: 0.0001
2026-06-29 11:19:04,703 [INFO] engine.optim_wrapper: Param: fusion_neck.fusion_layers.3.attention.blocks.mlp2.conv2.bias, lr: 0.0001, weight_decay: 0.0001
2026-06-29 11:19:04,703 [INFO] engine.optim_wrapper: Param: fusion_neck.fusion_layers.3.attention.blocks.mlp2.dwc.weight, lr: 0.0001, weight_decay: 0.0001
2026-06-29 11:19:04,703 [INFO] engine.optim_wrapper: Param: fusion_neck.fusion_layers.3.attention.blocks.mlp2.dwc.bias, lr: 0.0001, weight_decay: 0.0001
2026-06-29 11:19:04,703 [INFO] engine.optim_wrapper: Param: fusion_neck.fusion_layers.3.attention.blocks.norm3.weight, lr: 0.0001, weight_decay: 0.0001
2026-06-29 11:19:04,703 [INFO] engine.optim_wrapper: Param: fusion_neck.fusion_layers.3.attention.blocks.norm3.bias, lr: 0.0001, weight_decay: 0.0001
2026-06-29 11:19:04,703 [INFO] engine.optim_wrapper: Param: fusion_neck.fusion_layers.3.attention.blocks.norm3_.weight, lr: 0.0001, weight_decay: 0.0001
2026-06-29 11:19:04,703 [INFO] engine.optim_wrapper: Param: fusion_neck.fusion_layers.3.attention.blocks.norm3_.bias, lr: 0.0001, weight_decay: 0.0001
2026-06-29 11:19:04,703 [INFO] engine.optim_wrapper: Param: transformer.level_embed, lr: 0.0001, weight_decay: 0.0001
2026-06-29 11:19:04,703 [INFO] engine.optim_wrapper: Param: transformer.encoder.layers.0.self_attn.sampling_offsets.weight, lr: 0.0001, weight_decay: 0.0001
2026-06-29 11:19:04,703 [INFO] engine.optim_wrapper: Param: transformer.encoder.layers.0.self_attn.sampling_offsets.bias, lr: 0.0001, weight_decay: 0.0001
2026-06-29 11:19:04,703 [INFO] engine.optim_wrapper: Param: transformer.encoder.layers.0.self_attn.attention_weights.weight, lr: 0.0001, weight_decay: 0.0001
2026-06-29 11:19:04,703 [INFO] engine.optim_wrapper: Param: transformer.encoder.layers.0.self_attn.attention_weights.bias, lr: 0.0001, weight_decay: 0.0001
2026-06-29 11:19:04,703 [INFO] engine.optim_wrapper: Param: transformer.encoder.layers.0.self_attn.value_proj.weight, lr: 0.0001, weight_decay: 0.0001
2026-06-29 11:19:04,703 [INFO] engine.optim_wrapper: Param: transformer.encoder.layers.0.self_attn.value_proj.bias, lr: 0.0001, weight_decay: 0.0001
2026-06-29 11:19:04,703 [INFO] engine.optim_wrapper: Param: transformer.encoder.layers.0.self_attn.output_proj.weight, lr: 0.0001, weight_decay: 0.0001
2026-06-29 11:19:04,703 [INFO] engine.optim_wrapper: Param: transformer.encoder.layers.0.self_attn.output_proj.bias, lr: 0.0001, weight_decay: 0.0001
2026-06-29 11:19:04,703 [INFO] engine.optim_wrapper: Param: transformer.encoder.layers.0.norm1.weight, lr: 0.0001, weight_decay: 0.0001
2026-06-29 11:19:04,703 [INFO] engine.optim_wrapper: Param: transformer.encoder.layers.0.norm1.bias, lr: 0.0001, weight_decay: 0.0001
2026-06-29 11:19:04,703 [INFO] engine.optim_wrapper: Param: transformer.encoder.layers.0.ffn.linear1.weight, lr: 0.0001, weight_decay: 0.0001
2026-06-29 11:19:04,703 [INFO] engine.optim_wrapper: Param: transformer.encoder.layers.0.ffn.linear1.bias, lr: 0.0001, weight_decay: 0.0001
2026-06-29 11:19:04,703 [INFO] engine.optim_wrapper: Param: transformer.encoder.layers.0.ffn.linear2.weight, lr: 0.0001, weight_decay: 0.0001
2026-06-29 11:19:04,703 [INFO] engine.optim_wrapper: Param: transformer.encoder.layers.0.ffn.linear2.bias, lr: 0.0001, weight_decay: 0.0001
2026-06-29 11:19:04,703 [INFO] engine.optim_wrapper: Param: transformer.encoder.layers.0.norm2.weight, lr: 0.0001, weight_decay: 0.0001
2026-06-29 11:19:04,703 [INFO] engine.optim_wrapper: Param: transformer.encoder.layers.0.norm2.bias, lr: 0.0001, weight_decay: 0.0001
2026-06-29 11:19:04,703 [INFO] engine.optim_wrapper: Param: transformer.encoder.layers.0.query_support.0.background, lr: 0.0001, weight_decay: 0.0001
2026-06-29 11:19:04,703 [INFO] engine.optim_wrapper: Param: transformer.encoder.layers.0.query_support.0.q.weight, lr: 0.0001, weight_decay: 0.0001
2026-06-29 11:19:04,704 [INFO] engine.optim_wrapper: Param: transformer.encoder.layers.0.query_support.0.linear_out.0.weight, lr: 0.0001, weight_decay: 0.0001
2026-06-29 11:19:04,704 [INFO] engine.optim_wrapper: Param: transformer.encoder.layers.0.query_support.0.linear_out.0.bias, lr: 0.0001, weight_decay: 0.0001
2026-06-29 11:19:04,704 [INFO] engine.optim_wrapper: Param: transformer.encoder.layers.0.query_support.0.linear_out_2.0.weight, lr: 0.0001, weight_decay: 0.0001
2026-06-29 11:19:04,704 [INFO] engine.optim_wrapper: Param: transformer.encoder.layers.0.query_support.0.linear_out_2.0.bias, lr: 0.0001, weight_decay: 0.0001
2026-06-29 11:19:04,704 [INFO] engine.optim_wrapper: Param: transformer.encoder.layers.0.query_support.0.linear_out_3.weight, lr: 0.0001, weight_decay: 0.0001
2026-06-29 11:19:04,704 [INFO] engine.optim_wrapper: Param: transformer.encoder.layers.0.query_support.0.linear_out_3.bias, lr: 0.0001, weight_decay: 0.0001
2026-06-29 11:19:04,704 [INFO] engine.optim_wrapper: Param: transformer.encoder.layers.0.query_support.1.background, lr: 0.0001, weight_decay: 0.0001
2026-06-29 11:19:04,704 [INFO] engine.optim_wrapper: Param: transformer.encoder.layers.0.query_support.1.q.weight, lr: 0.0001, weight_decay: 0.0001
2026-06-29 11:19:04,704 [INFO] engine.optim_wrapper: Param: transformer.encoder.layers.0.query_support.1.linear_out.0.weight, lr: 0.0001, weight_decay: 0.0001
2026-06-29 11:19:04,704 [INFO] engine.optim_wrapper: Param: transformer.encoder.layers.0.query_support.1.linear_out.0.bias, lr: 0.0001, weight_decay: 0.0001
2026-06-29 11:19:04,704 [INFO] engine.optim_wrapper: Param: transformer.encoder.layers.0.query_support.1.linear_out_2.0.weight, lr: 0.0001, weight_decay: 0.0001
2026-06-29 11:19:04,704 [INFO] engine.optim_wrapper: Param: transformer.encoder.layers.0.query_support.1.linear_out_2.0.bias, lr: 0.0001, weight_decay: 0.0001
2026-06-29 11:19:04,704 [INFO] engine.optim_wrapper: Param: transformer.encoder.layers.0.query_support.1.linear_out_3.weight, lr: 0.0001, weight_decay: 0.0001
2026-06-29 11:19:04,704 [INFO] engine.optim_wrapper: Param: transformer.encoder.layers.0.query_support.1.linear_out_3.bias, lr: 0.0001, weight_decay: 0.0001
2026-06-29 11:19:04,704 [INFO] engine.optim_wrapper: Param: transformer.encoder.layers.0.query_support.2.background, lr: 0.0001, weight_decay: 0.0001
2026-06-29 11:19:04,704 [INFO] engine.optim_wrapper: Param: transformer.encoder.layers.0.query_support.2.q.weight, lr: 0.0001, weight_decay: 0.0001
2026-06-29 11:19:04,704 [INFO] engine.optim_wrapper: Param: transformer.encoder.layers.0.query_support.2.linear_out.0.weight, lr: 0.0001, weight_decay: 0.0001
2026-06-29 11:19:04,704 [INFO] engine.optim_wrapper: Param: transformer.encoder.layers.0.query_support.2.linear_out.0.bias, lr: 0.0001, weight_decay: 0.0001
2026-06-29 11:19:04,704 [INFO] engine.optim_wrapper: Param: transformer.encoder.layers.0.query_support.2.linear_out_2.0.weight, lr: 0.0001, weight_decay: 0.0001
2026-06-29 11:19:04,704 [INFO] engine.optim_wrapper: Param: transformer.encoder.layers.0.query_support.2.linear_out_2.0.bias, lr: 0.0001, weight_decay: 0.0001
2026-06-29 11:19:04,704 [INFO] engine.optim_wrapper: Param: transformer.encoder.layers.0.query_support.2.linear_out_3.weight, lr: 0.0001, weight_decay: 0.0001
2026-06-29 11:19:04,704 [INFO] engine.optim_wrapper: Param: transformer.encoder.layers.0.query_support.2.linear_out_3.bias, lr: 0.0001, weight_decay: 0.0001
2026-06-29 11:19:04,704 [INFO] engine.optim_wrapper: Param: transformer.encoder.layers.0.query_support.3.background, lr: 0.0001, weight_decay: 0.0001
2026-06-29 11:19:04,704 [INFO] engine.optim_wrapper: Param: transformer.encoder.layers.0.query_support.3.q.weight, lr: 0.0001, weight_decay: 0.0001
2026-06-29 11:19:04,704 [INFO] engine.optim_wrapper: Param: transformer.encoder.layers.0.query_support.3.linear_out.0.weight, lr: 0.0001, weight_decay: 0.0001
2026-06-29 11:19:04,704 [INFO] engine.optim_wrapper: Param: transformer.encoder.layers.0.query_support.3.linear_out.0.bias, lr: 0.0001, weight_decay: 0.0001
2026-06-29 11:19:04,704 [INFO] engine.optim_wrapper: Param: transformer.encoder.layers.0.query_support.3.linear_out_2.0.weight, lr: 0.0001, weight_decay: 0.0001
2026-06-29 11:19:04,704 [INFO] engine.optim_wrapper: Param: transformer.encoder.layers.0.query_support.3.linear_out_2.0.bias, lr: 0.0001, weight_decay: 0.0001
2026-06-29 11:19:04,704 [INFO] engine.optim_wrapper: Param: transformer.encoder.layers.0.query_support.3.linear_out_3.weight, lr: 0.0001, weight_decay: 0.0001
2026-06-29 11:19:04,704 [INFO] engine.optim_wrapper: Param: transformer.encoder.layers.0.query_support.3.linear_out_3.bias, lr: 0.0001, weight_decay: 0.0001
2026-06-29 11:19:04,704 [INFO] engine.optim_wrapper: Param: transformer.encoder.layers.1.self_attn.sampling_offsets.weight, lr: 0.0001, weight_decay: 0.0001
2026-06-29 11:19:04,704 [INFO] engine.optim_wrapper: Param: transformer.encoder.layers.1.self_attn.sampling_offsets.bias, lr: 0.0001, weight_decay: 0.0001
2026-06-29 11:19:04,704 [INFO] engine.optim_wrapper: Param: transformer.encoder.layers.1.self_attn.attention_weights.weight, lr: 0.0001, weight_decay: 0.0001
2026-06-29 11:19:04,704 [INFO] engine.optim_wrapper: Param: transformer.encoder.layers.1.self_attn.attention_weights.bias, lr: 0.0001, weight_decay: 0.0001
2026-06-29 11:19:04,705 [INFO] engine.optim_wrapper: Param: transformer.encoder.layers.1.self_attn.value_proj.weight, lr: 0.0001, weight_decay: 0.0001
2026-06-29 11:19:04,705 [INFO] engine.optim_wrapper: Param: transformer.encoder.layers.1.self_attn.value_proj.bias, lr: 0.0001, weight_decay: 0.0001
2026-06-29 11:19:04,705 [INFO] engine.optim_wrapper: Param: transformer.encoder.layers.1.self_attn.output_proj.weight, lr: 0.0001, weight_decay: 0.0001
2026-06-29 11:19:04,705 [INFO] engine.optim_wrapper: Param: transformer.encoder.layers.1.self_attn.output_proj.bias, lr: 0.0001, weight_decay: 0.0001
2026-06-29 11:19:04,705 [INFO] engine.optim_wrapper: Param: transformer.encoder.layers.1.norm1.weight, lr: 0.0001, weight_decay: 0.0001
2026-06-29 11:19:04,705 [INFO] engine.optim_wrapper: Param: transformer.encoder.layers.1.norm1.bias, lr: 0.0001, weight_decay: 0.0001
2026-06-29 11:19:04,705 [INFO] engine.optim_wrapper: Param: transformer.encoder.layers.1.ffn.linear1.weight, lr: 0.0001, weight_decay: 0.0001
2026-06-29 11:19:04,705 [INFO] engine.optim_wrapper: Param: transformer.encoder.layers.1.ffn.linear1.bias, lr: 0.0001, weight_decay: 0.0001
2026-06-29 11:19:04,705 [INFO] engine.optim_wrapper: Param: transformer.encoder.layers.1.ffn.linear2.weight, lr: 0.0001, weight_decay: 0.0001
2026-06-29 11:19:04,705 [INFO] engine.optim_wrapper: Param: transformer.encoder.layers.1.ffn.linear2.bias, lr: 0.0001, weight_decay: 0.0001
2026-06-29 11:19:04,705 [INFO] engine.optim_wrapper: Param: transformer.encoder.layers.1.norm2.weight, lr: 0.0001, weight_decay: 0.0001
2026-06-29 11:19:04,705 [INFO] engine.optim_wrapper: Param: transformer.encoder.layers.1.norm2.bias, lr: 0.0001, weight_decay: 0.0001
2026-06-29 11:19:04,705 [INFO] engine.optim_wrapper: Param: transformer.encoder.layers.2.self_attn.sampling_offsets.weight, lr: 0.0001, weight_decay: 0.0001
2026-06-29 11:19:04,705 [INFO] engine.optim_wrapper: Param: transformer.encoder.layers.2.self_attn.sampling_offsets.bias, lr: 0.0001, weight_decay: 0.0001
2026-06-29 11:19:04,705 [INFO] engine.optim_wrapper: Param: transformer.encoder.layers.2.self_attn.attention_weights.weight, lr: 0.0001, weight_decay: 0.0001
2026-06-29 11:19:04,705 [INFO] engine.optim_wrapper: Param: transformer.encoder.layers.2.self_attn.attention_weights.bias, lr: 0.0001, weight_decay: 0.0001
2026-06-29 11:19:04,705 [INFO] engine.optim_wrapper: Param: transformer.encoder.layers.2.self_attn.value_proj.weight, lr: 0.0001, weight_decay: 0.0001
2026-06-29 11:19:04,705 [INFO] engine.optim_wrapper: Param: transformer.encoder.layers.2.self_attn.value_proj.bias, lr: 0.0001, weight_decay: 0.0001
2026-06-29 11:19:04,705 [INFO] engine.optim_wrapper: Param: transformer.encoder.layers.2.self_attn.output_proj.weight, lr: 0.0001, weight_decay: 0.0001
2026-06-29 11:19:04,705 [INFO] engine.optim_wrapper: Param: transformer.encoder.layers.2.self_attn.output_proj.bias, lr: 0.0001, weight_decay: 0.0001
2026-06-29 11:19:04,705 [INFO] engine.optim_wrapper: Param: transformer.encoder.layers.2.norm1.weight, lr: 0.0001, weight_decay: 0.0001
2026-06-29 11:19:04,705 [INFO] engine.optim_wrapper: Param: transformer.encoder.layers.2.norm1.bias, lr: 0.0001, weight_decay: 0.0001
2026-06-29 11:19:04,705 [INFO] engine.optim_wrapper: Param: transformer.encoder.layers.2.ffn.linear1.weight, lr: 0.0001, weight_decay: 0.0001
2026-06-29 11:19:04,705 [INFO] engine.optim_wrapper: Param: transformer.encoder.layers.2.ffn.linear1.bias, lr: 0.0001, weight_decay: 0.0001
2026-06-29 11:19:04,705 [INFO] engine.optim_wrapper: Param: transformer.encoder.layers.2.ffn.linear2.weight, lr: 0.0001, weight_decay: 0.0001
2026-06-29 11:19:04,705 [INFO] engine.optim_wrapper: Param: transformer.encoder.layers.2.ffn.linear2.bias, lr: 0.0001, weight_decay: 0.0001
2026-06-29 11:19:04,705 [INFO] engine.optim_wrapper: Param: transformer.encoder.layers.2.norm2.weight, lr: 0.0001, weight_decay: 0.0001
2026-06-29 11:19:04,705 [INFO] engine.optim_wrapper: Param: transformer.encoder.layers.2.norm2.bias, lr: 0.0001, weight_decay: 0.0001
2026-06-29 11:19:04,705 [INFO] engine.optim_wrapper: Param: transformer.encoder.layers.3.self_attn.sampling_offsets.weight, lr: 0.0001, weight_decay: 0.0001
2026-06-29 11:19:04,705 [INFO] engine.optim_wrapper: Param: transformer.encoder.layers.3.self_attn.sampling_offsets.bias, lr: 0.0001, weight_decay: 0.0001
2026-06-29 11:19:04,705 [INFO] engine.optim_wrapper: Param: transformer.encoder.layers.3.self_attn.attention_weights.weight, lr: 0.0001, weight_decay: 0.0001
2026-06-29 11:19:04,705 [INFO] engine.optim_wrapper: Param: transformer.encoder.layers.3.self_attn.attention_weights.bias, lr: 0.0001, weight_decay: 0.0001
2026-06-29 11:19:04,705 [INFO] engine.optim_wrapper: Param: transformer.encoder.layers.3.self_attn.value_proj.weight, lr: 0.0001, weight_decay: 0.0001
2026-06-29 11:19:04,705 [INFO] engine.optim_wrapper: Param: transformer.encoder.layers.3.self_attn.value_proj.bias, lr: 0.0001, weight_decay: 0.0001
2026-06-29 11:19:04,705 [INFO] engine.optim_wrapper: Param: transformer.encoder.layers.3.self_attn.output_proj.weight, lr: 0.0001, weight_decay: 0.0001
2026-06-29 11:19:04,705 [INFO] engine.optim_wrapper: Param: transformer.encoder.layers.3.self_attn.output_proj.bias, lr: 0.0001, weight_decay: 0.0001
2026-06-29 11:19:04,706 [INFO] engine.optim_wrapper: Param: transformer.encoder.layers.3.norm1.weight, lr: 0.0001, weight_decay: 0.0001
2026-06-29 11:19:04,706 [INFO] engine.optim_wrapper: Param: transformer.encoder.layers.3.norm1.bias, lr: 0.0001, weight_decay: 0.0001
2026-06-29 11:19:04,706 [INFO] engine.optim_wrapper: Param: transformer.encoder.layers.3.ffn.linear1.weight, lr: 0.0001, weight_decay: 0.0001
2026-06-29 11:19:04,706 [INFO] engine.optim_wrapper: Param: transformer.encoder.layers.3.ffn.linear1.bias, lr: 0.0001, weight_decay: 0.0001
2026-06-29 11:19:04,706 [INFO] engine.optim_wrapper: Param: transformer.encoder.layers.3.ffn.linear2.weight, lr: 0.0001, weight_decay: 0.0001
2026-06-29 11:19:04,706 [INFO] engine.optim_wrapper: Param: transformer.encoder.layers.3.ffn.linear2.bias, lr: 0.0001, weight_decay: 0.0001
2026-06-29 11:19:04,706 [INFO] engine.optim_wrapper: Param: transformer.encoder.layers.3.norm2.weight, lr: 0.0001, weight_decay: 0.0001
2026-06-29 11:19:04,706 [INFO] engine.optim_wrapper: Param: transformer.encoder.layers.3.norm2.bias, lr: 0.0001, weight_decay: 0.0001
2026-06-29 11:19:04,706 [INFO] engine.optim_wrapper: Param: transformer.encoder.layers.4.self_attn.sampling_offsets.weight, lr: 0.0001, weight_decay: 0.0001
2026-06-29 11:19:04,706 [INFO] engine.optim_wrapper: Param: transformer.encoder.layers.4.self_attn.sampling_offsets.bias, lr: 0.0001, weight_decay: 0.0001
2026-06-29 11:19:04,706 [INFO] engine.optim_wrapper: Param: transformer.encoder.layers.4.self_attn.attention_weights.weight, lr: 0.0001, weight_decay: 0.0001
2026-06-29 11:19:04,706 [INFO] engine.optim_wrapper: Param: transformer.encoder.layers.4.self_attn.attention_weights.bias, lr: 0.0001, weight_decay: 0.0001
2026-06-29 11:19:04,706 [INFO] engine.optim_wrapper: Param: transformer.encoder.layers.4.self_attn.value_proj.weight, lr: 0.0001, weight_decay: 0.0001
2026-06-29 11:19:04,706 [INFO] engine.optim_wrapper: Param: transformer.encoder.layers.4.self_attn.value_proj.bias, lr: 0.0001, weight_decay: 0.0001
2026-06-29 11:19:04,706 [INFO] engine.optim_wrapper: Param: transformer.encoder.layers.4.self_attn.output_proj.weight, lr: 0.0001, weight_decay: 0.0001
2026-06-29 11:19:04,706 [INFO] engine.optim_wrapper: Param: transformer.encoder.layers.4.self_attn.output_proj.bias, lr: 0.0001, weight_decay: 0.0001
2026-06-29 11:19:04,706 [INFO] engine.optim_wrapper: Param: transformer.encoder.layers.4.norm1.weight, lr: 0.0001, weight_decay: 0.0001
2026-06-29 11:19:04,706 [INFO] engine.optim_wrapper: Param: transformer.encoder.layers.4.norm1.bias, lr: 0.0001, weight_decay: 0.0001
2026-06-29 11:19:04,706 [INFO] engine.optim_wrapper: Param: transformer.encoder.layers.4.ffn.linear1.weight, lr: 0.0001, weight_decay: 0.0001
2026-06-29 11:19:04,706 [INFO] engine.optim_wrapper: Param: transformer.encoder.layers.4.ffn.linear1.bias, lr: 0.0001, weight_decay: 0.0001
2026-06-29 11:19:04,706 [INFO] engine.optim_wrapper: Param: transformer.encoder.layers.4.ffn.linear2.weight, lr: 0.0001, weight_decay: 0.0001
2026-06-29 11:19:04,706 [INFO] engine.optim_wrapper: Param: transformer.encoder.layers.4.ffn.linear2.bias, lr: 0.0001, weight_decay: 0.0001
2026-06-29 11:19:04,706 [INFO] engine.optim_wrapper: Param: transformer.encoder.layers.4.norm2.weight, lr: 0.0001, weight_decay: 0.0001
2026-06-29 11:19:04,706 [INFO] engine.optim_wrapper: Param: transformer.encoder.layers.4.norm2.bias, lr: 0.0001, weight_decay: 0.0001
2026-06-29 11:19:04,706 [INFO] engine.optim_wrapper: Param: transformer.encoder.layers.5.self_attn.sampling_offsets.weight, lr: 0.0001, weight_decay: 0.0001
2026-06-29 11:19:04,706 [INFO] engine.optim_wrapper: Param: transformer.encoder.layers.5.self_attn.sampling_offsets.bias, lr: 0.0001, weight_decay: 0.0001
2026-06-29 11:19:04,706 [INFO] engine.optim_wrapper: Param: transformer.encoder.layers.5.self_attn.attention_weights.weight, lr: 0.0001, weight_decay: 0.0001
2026-06-29 11:19:04,706 [INFO] engine.optim_wrapper: Param: transformer.encoder.layers.5.self_attn.attention_weights.bias, lr: 0.0001, weight_decay: 0.0001
2026-06-29 11:19:04,706 [INFO] engine.optim_wrapper: Param: transformer.encoder.layers.5.self_attn.value_proj.weight, lr: 0.0001, weight_decay: 0.0001
2026-06-29 11:19:04,706 [INFO] engine.optim_wrapper: Param: transformer.encoder.layers.5.self_attn.value_proj.bias, lr: 0.0001, weight_decay: 0.0001
2026-06-29 11:19:04,706 [INFO] engine.optim_wrapper: Param: transformer.encoder.layers.5.self_attn.output_proj.weight, lr: 0.0001, weight_decay: 0.0001
2026-06-29 11:19:04,706 [INFO] engine.optim_wrapper: Param: transformer.encoder.layers.5.self_attn.output_proj.bias, lr: 0.0001, weight_decay: 0.0001
2026-06-29 11:19:04,706 [INFO] engine.optim_wrapper: Param: transformer.encoder.layers.5.norm1.weight, lr: 0.0001, weight_decay: 0.0001
2026-06-29 11:19:04,706 [INFO] engine.optim_wrapper: Param: transformer.encoder.layers.5.norm1.bias, lr: 0.0001, weight_decay: 0.0001
2026-06-29 11:19:04,706 [INFO] engine.optim_wrapper: Param: transformer.encoder.layers.5.ffn.linear1.weight, lr: 0.0001, weight_decay: 0.0001
2026-06-29 11:19:04,707 [INFO] engine.optim_wrapper: Param: transformer.encoder.layers.5.ffn.linear1.bias, lr: 0.0001, weight_decay: 0.0001
2026-06-29 11:19:04,707 [INFO] engine.optim_wrapper: Param: transformer.encoder.layers.5.ffn.linear2.weight, lr: 0.0001, weight_decay: 0.0001
2026-06-29 11:19:04,707 [INFO] engine.optim_wrapper: Param: transformer.encoder.layers.5.ffn.linear2.bias, lr: 0.0001, weight_decay: 0.0001
2026-06-29 11:19:04,707 [INFO] engine.optim_wrapper: Param: transformer.encoder.layers.5.norm2.weight, lr: 0.0001, weight_decay: 0.0001
2026-06-29 11:19:04,707 [INFO] engine.optim_wrapper: Param: transformer.encoder.layers.5.norm2.bias, lr: 0.0001, weight_decay: 0.0001
2026-06-29 11:19:04,707 [INFO] engine.optim_wrapper: Param: transformer.decoder.ref_point_head.layers.0.weight, lr: 0.0001, weight_decay: 0.0001
2026-06-29 11:19:04,707 [INFO] engine.optim_wrapper: Param: transformer.decoder.ref_point_head.layers.0.bias, lr: 0.0001, weight_decay: 0.0001
2026-06-29 11:19:04,707 [INFO] engine.optim_wrapper: Param: transformer.decoder.ref_point_head.layers.1.weight, lr: 0.0001, weight_decay: 0.0001
2026-06-29 11:19:04,707 [INFO] engine.optim_wrapper: Param: transformer.decoder.ref_point_head.layers.1.bias, lr: 0.0001, weight_decay: 0.0001
2026-06-29 11:19:04,707 [INFO] engine.optim_wrapper: Param: transformer.decoder.layers.0.cross_attn.sampling_offsets.weight, lr: 0.0001, weight_decay: 0.0001
2026-06-29 11:19:04,707 [INFO] engine.optim_wrapper: Param: transformer.decoder.layers.0.cross_attn.sampling_offsets.bias, lr: 0.0001, weight_decay: 0.0001
2026-06-29 11:19:04,707 [INFO] engine.optim_wrapper: Param: transformer.decoder.layers.0.cross_attn.attention_weights.weight, lr: 0.0001, weight_decay: 0.0001
2026-06-29 11:19:04,707 [INFO] engine.optim_wrapper: Param: transformer.decoder.layers.0.cross_attn.attention_weights.bias, lr: 0.0001, weight_decay: 0.0001
2026-06-29 11:19:04,707 [INFO] engine.optim_wrapper: Param: transformer.decoder.layers.0.cross_attn.value_proj.weight, lr: 0.0001, weight_decay: 0.0001
2026-06-29 11:19:04,707 [INFO] engine.optim_wrapper: Param: transformer.decoder.layers.0.cross_attn.value_proj.bias, lr: 0.0001, weight_decay: 0.0001
2026-06-29 11:19:04,707 [INFO] engine.optim_wrapper: Param: transformer.decoder.layers.0.cross_attn.output_proj.weight, lr: 0.0001, weight_decay: 0.0001
2026-06-29 11:19:04,707 [INFO] engine.optim_wrapper: Param: transformer.decoder.layers.0.cross_attn.output_proj.bias, lr: 0.0001, weight_decay: 0.0001
2026-06-29 11:19:04,707 [INFO] engine.optim_wrapper: Param: transformer.decoder.layers.0.norm1.weight, lr: 0.0001, weight_decay: 0.0001
2026-06-29 11:19:04,707 [INFO] engine.optim_wrapper: Param: transformer.decoder.layers.0.norm1.bias, lr: 0.0001, weight_decay: 0.0001
2026-06-29 11:19:04,707 [INFO] engine.optim_wrapper: Param: transformer.decoder.layers.0.self_attn.in_proj_weight, lr: 0.0001, weight_decay: 0.0001
2026-06-29 11:19:04,707 [INFO] engine.optim_wrapper: Param: transformer.decoder.layers.0.self_attn.in_proj_bias, lr: 0.0001, weight_decay: 0.0001
2026-06-29 11:19:04,707 [INFO] engine.optim_wrapper: Param: transformer.decoder.layers.0.self_attn.out_proj.weight, lr: 0.0001, weight_decay: 0.0001
2026-06-29 11:19:04,707 [INFO] engine.optim_wrapper: Param: transformer.decoder.layers.0.self_attn.out_proj.bias, lr: 0.0001, weight_decay: 0.0001
2026-06-29 11:19:04,707 [INFO] engine.optim_wrapper: Param: transformer.decoder.layers.0.norm2.weight, lr: 0.0001, weight_decay: 0.0001
2026-06-29 11:19:04,707 [INFO] engine.optim_wrapper: Param: transformer.decoder.layers.0.norm2.bias, lr: 0.0001, weight_decay: 0.0001
2026-06-29 11:19:04,707 [INFO] engine.optim_wrapper: Param: transformer.decoder.layers.0.ffn.linear1.weight, lr: 0.0001, weight_decay: 0.0001
2026-06-29 11:19:04,707 [INFO] engine.optim_wrapper: Param: transformer.decoder.layers.0.ffn.linear1.bias, lr: 0.0001, weight_decay: 0.0001
2026-06-29 11:19:04,707 [INFO] engine.optim_wrapper: Param: transformer.decoder.layers.0.ffn.linear2.weight, lr: 0.0001, weight_decay: 0.0001
2026-06-29 11:19:04,707 [INFO] engine.optim_wrapper: Param: transformer.decoder.layers.0.ffn.linear2.bias, lr: 0.0001, weight_decay: 0.0001
2026-06-29 11:19:04,707 [INFO] engine.optim_wrapper: Param: transformer.decoder.layers.0.norm3.weight, lr: 0.0001, weight_decay: 0.0001
2026-06-29 11:19:04,707 [INFO] engine.optim_wrapper: Param: transformer.decoder.layers.0.norm3.bias, lr: 0.0001, weight_decay: 0.0001
2026-06-29 11:19:04,707 [INFO] engine.optim_wrapper: Param: transformer.decoder.layers.1.cross_attn.sampling_offsets.weight, lr: 0.0001, weight_decay: 0.0001
2026-06-29 11:19:04,707 [INFO] engine.optim_wrapper: Param: transformer.decoder.layers.1.cross_attn.sampling_offsets.bias, lr: 0.0001, weight_decay: 0.0001
2026-06-29 11:19:04,707 [INFO] engine.optim_wrapper: Param: transformer.decoder.layers.1.cross_attn.attention_weights.weight, lr: 0.0001, weight_decay: 0.0001
2026-06-29 11:19:04,707 [INFO] engine.optim_wrapper: Param: transformer.decoder.layers.1.cross_attn.attention_weights.bias, lr: 0.0001, weight_decay: 0.0001
2026-06-29 11:19:04,708 [INFO] engine.optim_wrapper: Param: transformer.decoder.layers.1.cross_attn.value_proj.weight, lr: 0.0001, weight_decay: 0.0001
2026-06-29 11:19:04,708 [INFO] engine.optim_wrapper: Param: transformer.decoder.layers.1.cross_attn.value_proj.bias, lr: 0.0001, weight_decay: 0.0001
2026-06-29 11:19:04,708 [INFO] engine.optim_wrapper: Param: transformer.decoder.layers.1.cross_attn.output_proj.weight, lr: 0.0001, weight_decay: 0.0001
2026-06-29 11:19:04,708 [INFO] engine.optim_wrapper: Param: transformer.decoder.layers.1.cross_attn.output_proj.bias, lr: 0.0001, weight_decay: 0.0001
2026-06-29 11:19:04,708 [INFO] engine.optim_wrapper: Param: transformer.decoder.layers.1.norm1.weight, lr: 0.0001, weight_decay: 0.0001
2026-06-29 11:19:04,708 [INFO] engine.optim_wrapper: Param: transformer.decoder.layers.1.norm1.bias, lr: 0.0001, weight_decay: 0.0001
2026-06-29 11:19:04,708 [INFO] engine.optim_wrapper: Param: transformer.decoder.layers.1.self_attn.in_proj_weight, lr: 0.0001, weight_decay: 0.0001
2026-06-29 11:19:04,708 [INFO] engine.optim_wrapper: Param: transformer.decoder.layers.1.self_attn.in_proj_bias, lr: 0.0001, weight_decay: 0.0001
2026-06-29 11:19:04,708 [INFO] engine.optim_wrapper: Param: transformer.decoder.layers.1.self_attn.out_proj.weight, lr: 0.0001, weight_decay: 0.0001
2026-06-29 11:19:04,708 [INFO] engine.optim_wrapper: Param: transformer.decoder.layers.1.self_attn.out_proj.bias, lr: 0.0001, weight_decay: 0.0001
2026-06-29 11:19:04,708 [INFO] engine.optim_wrapper: Param: transformer.decoder.layers.1.norm2.weight, lr: 0.0001, weight_decay: 0.0001
2026-06-29 11:19:04,708 [INFO] engine.optim_wrapper: Param: transformer.decoder.layers.1.norm2.bias, lr: 0.0001, weight_decay: 0.0001
2026-06-29 11:19:04,708 [INFO] engine.optim_wrapper: Param: transformer.decoder.layers.1.ffn.linear1.weight, lr: 0.0001, weight_decay: 0.0001
2026-06-29 11:19:04,708 [INFO] engine.optim_wrapper: Param: transformer.decoder.layers.1.ffn.linear1.bias, lr: 0.0001, weight_decay: 0.0001
2026-06-29 11:19:04,708 [INFO] engine.optim_wrapper: Param: transformer.decoder.layers.1.ffn.linear2.weight, lr: 0.0001, weight_decay: 0.0001
2026-06-29 11:19:04,708 [INFO] engine.optim_wrapper: Param: transformer.decoder.layers.1.ffn.linear2.bias, lr: 0.0001, weight_decay: 0.0001
2026-06-29 11:19:04,708 [INFO] engine.optim_wrapper: Param: transformer.decoder.layers.1.norm3.weight, lr: 0.0001, weight_decay: 0.0001
2026-06-29 11:19:04,708 [INFO] engine.optim_wrapper: Param: transformer.decoder.layers.1.norm3.bias, lr: 0.0001, weight_decay: 0.0001
2026-06-29 11:19:04,708 [INFO] engine.optim_wrapper: Param: transformer.decoder.layers.2.cross_attn.sampling_offsets.weight, lr: 0.0001, weight_decay: 0.0001
2026-06-29 11:19:04,708 [INFO] engine.optim_wrapper: Param: transformer.decoder.layers.2.cross_attn.sampling_offsets.bias, lr: 0.0001, weight_decay: 0.0001
2026-06-29 11:19:04,708 [INFO] engine.optim_wrapper: Param: transformer.decoder.layers.2.cross_attn.attention_weights.weight, lr: 0.0001, weight_decay: 0.0001
2026-06-29 11:19:04,708 [INFO] engine.optim_wrapper: Param: transformer.decoder.layers.2.cross_attn.attention_weights.bias, lr: 0.0001, weight_decay: 0.0001
2026-06-29 11:19:04,708 [INFO] engine.optim_wrapper: Param: transformer.decoder.layers.2.cross_attn.value_proj.weight, lr: 0.0001, weight_decay: 0.0001
2026-06-29 11:19:04,708 [INFO] engine.optim_wrapper: Param: transformer.decoder.layers.2.cross_attn.value_proj.bias, lr: 0.0001, weight_decay: 0.0001
2026-06-29 11:19:04,708 [INFO] engine.optim_wrapper: Param: transformer.decoder.layers.2.cross_attn.output_proj.weight, lr: 0.0001, weight_decay: 0.0001
2026-06-29 11:19:04,708 [INFO] engine.optim_wrapper: Param: transformer.decoder.layers.2.cross_attn.output_proj.bias, lr: 0.0001, weight_decay: 0.0001
2026-06-29 11:19:04,708 [INFO] engine.optim_wrapper: Param: transformer.decoder.layers.2.norm1.weight, lr: 0.0001, weight_decay: 0.0001
2026-06-29 11:19:04,708 [INFO] engine.optim_wrapper: Param: transformer.decoder.layers.2.norm1.bias, lr: 0.0001, weight_decay: 0.0001
2026-06-29 11:19:04,708 [INFO] engine.optim_wrapper: Param: transformer.decoder.layers.2.self_attn.in_proj_weight, lr: 0.0001, weight_decay: 0.0001
2026-06-29 11:19:04,708 [INFO] engine.optim_wrapper: Param: transformer.decoder.layers.2.self_attn.in_proj_bias, lr: 0.0001, weight_decay: 0.0001
2026-06-29 11:19:04,708 [INFO] engine.optim_wrapper: Param: transformer.decoder.layers.2.self_attn.out_proj.weight, lr: 0.0001, weight_decay: 0.0001
2026-06-29 11:19:04,708 [INFO] engine.optim_wrapper: Param: transformer.decoder.layers.2.self_attn.out_proj.bias, lr: 0.0001, weight_decay: 0.0001
2026-06-29 11:19:04,708 [INFO] engine.optim_wrapper: Param: transformer.decoder.layers.2.norm2.weight, lr: 0.0001, weight_decay: 0.0001
2026-06-29 11:19:04,708 [INFO] engine.optim_wrapper: Param: transformer.decoder.layers.2.norm2.bias, lr: 0.0001, weight_decay: 0.0001
2026-06-29 11:19:04,708 [INFO] engine.optim_wrapper: Param: transformer.decoder.layers.2.ffn.linear1.weight, lr: 0.0001, weight_decay: 0.0001
2026-06-29 11:19:04,708 [INFO] engine.optim_wrapper: Param: transformer.decoder.layers.2.ffn.linear1.bias, lr: 0.0001, weight_decay: 0.0001
2026-06-29 11:19:04,709 [INFO] engine.optim_wrapper: Param: transformer.decoder.layers.2.ffn.linear2.weight, lr: 0.0001, weight_decay: 0.0001
2026-06-29 11:19:04,709 [INFO] engine.optim_wrapper: Param: transformer.decoder.layers.2.ffn.linear2.bias, lr: 0.0001, weight_decay: 0.0001
2026-06-29 11:19:04,709 [INFO] engine.optim_wrapper: Param: transformer.decoder.layers.2.norm3.weight, lr: 0.0001, weight_decay: 0.0001
2026-06-29 11:19:04,709 [INFO] engine.optim_wrapper: Param: transformer.decoder.layers.2.norm3.bias, lr: 0.0001, weight_decay: 0.0001
2026-06-29 11:19:04,709 [INFO] engine.optim_wrapper: Param: transformer.decoder.layers.3.cross_attn.sampling_offsets.weight, lr: 0.0001, weight_decay: 0.0001
2026-06-29 11:19:04,709 [INFO] engine.optim_wrapper: Param: transformer.decoder.layers.3.cross_attn.sampling_offsets.bias, lr: 0.0001, weight_decay: 0.0001
2026-06-29 11:19:04,709 [INFO] engine.optim_wrapper: Param: transformer.decoder.layers.3.cross_attn.attention_weights.weight, lr: 0.0001, weight_decay: 0.0001
2026-06-29 11:19:04,709 [INFO] engine.optim_wrapper: Param: transformer.decoder.layers.3.cross_attn.attention_weights.bias, lr: 0.0001, weight_decay: 0.0001
2026-06-29 11:19:04,709 [INFO] engine.optim_wrapper: Param: transformer.decoder.layers.3.cross_attn.value_proj.weight, lr: 0.0001, weight_decay: 0.0001
2026-06-29 11:19:04,709 [INFO] engine.optim_wrapper: Param: transformer.decoder.layers.3.cross_attn.value_proj.bias, lr: 0.0001, weight_decay: 0.0001
2026-06-29 11:19:04,709 [INFO] engine.optim_wrapper: Param: transformer.decoder.layers.3.cross_attn.output_proj.weight, lr: 0.0001, weight_decay: 0.0001
2026-06-29 11:19:04,709 [INFO] engine.optim_wrapper: Param: transformer.decoder.layers.3.cross_attn.output_proj.bias, lr: 0.0001, weight_decay: 0.0001
2026-06-29 11:19:04,709 [INFO] engine.optim_wrapper: Param: transformer.decoder.layers.3.norm1.weight, lr: 0.0001, weight_decay: 0.0001
2026-06-29 11:19:04,709 [INFO] engine.optim_wrapper: Param: transformer.decoder.layers.3.norm1.bias, lr: 0.0001, weight_decay: 0.0001
2026-06-29 11:19:04,709 [INFO] engine.optim_wrapper: Param: transformer.decoder.layers.3.self_attn.in_proj_weight, lr: 0.0001, weight_decay: 0.0001
2026-06-29 11:19:04,709 [INFO] engine.optim_wrapper: Param: transformer.decoder.layers.3.self_attn.in_proj_bias, lr: 0.0001, weight_decay: 0.0001
2026-06-29 11:19:04,709 [INFO] engine.optim_wrapper: Param: transformer.decoder.layers.3.self_attn.out_proj.weight, lr: 0.0001, weight_decay: 0.0001
2026-06-29 11:19:04,709 [INFO] engine.optim_wrapper: Param: transformer.decoder.layers.3.self_attn.out_proj.bias, lr: 0.0001, weight_decay: 0.0001
2026-06-29 11:19:04,709 [INFO] engine.optim_wrapper: Param: transformer.decoder.layers.3.norm2.weight, lr: 0.0001, weight_decay: 0.0001
2026-06-29 11:19:04,709 [INFO] engine.optim_wrapper: Param: transformer.decoder.layers.3.norm2.bias, lr: 0.0001, weight_decay: 0.0001
2026-06-29 11:19:04,709 [INFO] engine.optim_wrapper: Param: transformer.decoder.layers.3.ffn.linear1.weight, lr: 0.0001, weight_decay: 0.0001
2026-06-29 11:19:04,709 [INFO] engine.optim_wrapper: Param: transformer.decoder.layers.3.ffn.linear1.bias, lr: 0.0001, weight_decay: 0.0001
2026-06-29 11:19:04,709 [INFO] engine.optim_wrapper: Param: transformer.decoder.layers.3.ffn.linear2.weight, lr: 0.0001, weight_decay: 0.0001
2026-06-29 11:19:04,709 [INFO] engine.optim_wrapper: Param: transformer.decoder.layers.3.ffn.linear2.bias, lr: 0.0001, weight_decay: 0.0001
2026-06-29 11:19:04,709 [INFO] engine.optim_wrapper: Param: transformer.decoder.layers.3.norm3.weight, lr: 0.0001, weight_decay: 0.0001
2026-06-29 11:19:04,709 [INFO] engine.optim_wrapper: Param: transformer.decoder.layers.3.norm3.bias, lr: 0.0001, weight_decay: 0.0001
2026-06-29 11:19:04,709 [INFO] engine.optim_wrapper: Param: transformer.decoder.layers.4.cross_attn.sampling_offsets.weight, lr: 0.0001, weight_decay: 0.0001
2026-06-29 11:19:04,709 [INFO] engine.optim_wrapper: Param: transformer.decoder.layers.4.cross_attn.sampling_offsets.bias, lr: 0.0001, weight_decay: 0.0001
2026-06-29 11:19:04,709 [INFO] engine.optim_wrapper: Param: transformer.decoder.layers.4.cross_attn.attention_weights.weight, lr: 0.0001, weight_decay: 0.0001
2026-06-29 11:19:04,709 [INFO] engine.optim_wrapper: Param: transformer.decoder.layers.4.cross_attn.attention_weights.bias, lr: 0.0001, weight_decay: 0.0001
2026-06-29 11:19:04,709 [INFO] engine.optim_wrapper: Param: transformer.decoder.layers.4.cross_attn.value_proj.weight, lr: 0.0001, weight_decay: 0.0001
2026-06-29 11:19:04,709 [INFO] engine.optim_wrapper: Param: transformer.decoder.layers.4.cross_attn.value_proj.bias, lr: 0.0001, weight_decay: 0.0001
2026-06-29 11:19:04,709 [INFO] engine.optim_wrapper: Param: transformer.decoder.layers.4.cross_attn.output_proj.weight, lr: 0.0001, weight_decay: 0.0001
2026-06-29 11:19:04,709 [INFO] engine.optim_wrapper: Param: transformer.decoder.layers.4.cross_attn.output_proj.bias, lr: 0.0001, weight_decay: 0.0001
2026-06-29 11:19:04,709 [INFO] engine.optim_wrapper: Param: transformer.decoder.layers.4.norm1.weight, lr: 0.0001, weight_decay: 0.0001
2026-06-29 11:19:04,709 [INFO] engine.optim_wrapper: Param: transformer.decoder.layers.4.norm1.bias, lr: 0.0001, weight_decay: 0.0001
2026-06-29 11:19:04,710 [INFO] engine.optim_wrapper: Param: transformer.decoder.layers.4.self_attn.in_proj_weight, lr: 0.0001, weight_decay: 0.0001
2026-06-29 11:19:04,710 [INFO] engine.optim_wrapper: Param: transformer.decoder.layers.4.self_attn.in_proj_bias, lr: 0.0001, weight_decay: 0.0001
2026-06-29 11:19:04,710 [INFO] engine.optim_wrapper: Param: transformer.decoder.layers.4.self_attn.out_proj.weight, lr: 0.0001, weight_decay: 0.0001
2026-06-29 11:19:04,710 [INFO] engine.optim_wrapper: Param: transformer.decoder.layers.4.self_attn.out_proj.bias, lr: 0.0001, weight_decay: 0.0001
2026-06-29 11:19:04,710 [INFO] engine.optim_wrapper: Param: transformer.decoder.layers.4.norm2.weight, lr: 0.0001, weight_decay: 0.0001
2026-06-29 11:19:04,710 [INFO] engine.optim_wrapper: Param: transformer.decoder.layers.4.norm2.bias, lr: 0.0001, weight_decay: 0.0001
2026-06-29 11:19:04,710 [INFO] engine.optim_wrapper: Param: transformer.decoder.layers.4.ffn.linear1.weight, lr: 0.0001, weight_decay: 0.0001
2026-06-29 11:19:04,710 [INFO] engine.optim_wrapper: Param: transformer.decoder.layers.4.ffn.linear1.bias, lr: 0.0001, weight_decay: 0.0001
2026-06-29 11:19:04,710 [INFO] engine.optim_wrapper: Param: transformer.decoder.layers.4.ffn.linear2.weight, lr: 0.0001, weight_decay: 0.0001
2026-06-29 11:19:04,710 [INFO] engine.optim_wrapper: Param: transformer.decoder.layers.4.ffn.linear2.bias, lr: 0.0001, weight_decay: 0.0001
2026-06-29 11:19:04,710 [INFO] engine.optim_wrapper: Param: transformer.decoder.layers.4.norm3.weight, lr: 0.0001, weight_decay: 0.0001
2026-06-29 11:19:04,710 [INFO] engine.optim_wrapper: Param: transformer.decoder.layers.4.norm3.bias, lr: 0.0001, weight_decay: 0.0001
2026-06-29 11:19:04,710 [INFO] engine.optim_wrapper: Param: transformer.decoder.layers.5.cross_attn.sampling_offsets.weight, lr: 0.0001, weight_decay: 0.0001
2026-06-29 11:19:04,710 [INFO] engine.optim_wrapper: Param: transformer.decoder.layers.5.cross_attn.sampling_offsets.bias, lr: 0.0001, weight_decay: 0.0001
2026-06-29 11:19:04,710 [INFO] engine.optim_wrapper: Param: transformer.decoder.layers.5.cross_attn.attention_weights.weight, lr: 0.0001, weight_decay: 0.0001
2026-06-29 11:19:04,710 [INFO] engine.optim_wrapper: Param: transformer.decoder.layers.5.cross_attn.attention_weights.bias, lr: 0.0001, weight_decay: 0.0001
2026-06-29 11:19:04,710 [INFO] engine.optim_wrapper: Param: transformer.decoder.layers.5.cross_attn.value_proj.weight, lr: 0.0001, weight_decay: 0.0001
2026-06-29 11:19:04,710 [INFO] engine.optim_wrapper: Param: transformer.decoder.layers.5.cross_attn.value_proj.bias, lr: 0.0001, weight_decay: 0.0001
2026-06-29 11:19:04,710 [INFO] engine.optim_wrapper: Param: transformer.decoder.layers.5.cross_attn.output_proj.weight, lr: 0.0001, weight_decay: 0.0001
2026-06-29 11:19:04,710 [INFO] engine.optim_wrapper: Param: transformer.decoder.layers.5.cross_attn.output_proj.bias, lr: 0.0001, weight_decay: 0.0001
2026-06-29 11:19:04,710 [INFO] engine.optim_wrapper: Param: transformer.decoder.layers.5.norm1.weight, lr: 0.0001, weight_decay: 0.0001
2026-06-29 11:19:04,710 [INFO] engine.optim_wrapper: Param: transformer.decoder.layers.5.norm1.bias, lr: 0.0001, weight_decay: 0.0001
2026-06-29 11:19:04,710 [INFO] engine.optim_wrapper: Param: transformer.decoder.layers.5.self_attn.in_proj_weight, lr: 0.0001, weight_decay: 0.0001
2026-06-29 11:19:04,710 [INFO] engine.optim_wrapper: Param: transformer.decoder.layers.5.self_attn.in_proj_bias, lr: 0.0001, weight_decay: 0.0001
2026-06-29 11:19:04,710 [INFO] engine.optim_wrapper: Param: transformer.decoder.layers.5.self_attn.out_proj.weight, lr: 0.0001, weight_decay: 0.0001
2026-06-29 11:19:04,710 [INFO] engine.optim_wrapper: Param: transformer.decoder.layers.5.self_attn.out_proj.bias, lr: 0.0001, weight_decay: 0.0001
2026-06-29 11:19:04,710 [INFO] engine.optim_wrapper: Param: transformer.decoder.layers.5.norm2.weight, lr: 0.0001, weight_decay: 0.0001
2026-06-29 11:19:04,710 [INFO] engine.optim_wrapper: Param: transformer.decoder.layers.5.norm2.bias, lr: 0.0001, weight_decay: 0.0001
2026-06-29 11:19:04,710 [INFO] engine.optim_wrapper: Param: transformer.decoder.layers.5.ffn.linear1.weight, lr: 0.0001, weight_decay: 0.0001
2026-06-29 11:19:04,710 [INFO] engine.optim_wrapper: Param: transformer.decoder.layers.5.ffn.linear1.bias, lr: 0.0001, weight_decay: 0.0001
2026-06-29 11:19:04,710 [INFO] engine.optim_wrapper: Param: transformer.decoder.layers.5.ffn.linear2.weight, lr: 0.0001, weight_decay: 0.0001
2026-06-29 11:19:04,710 [INFO] engine.optim_wrapper: Param: transformer.decoder.layers.5.ffn.linear2.bias, lr: 0.0001, weight_decay: 0.0001
2026-06-29 11:19:04,710 [INFO] engine.optim_wrapper: Param: transformer.decoder.layers.5.norm3.weight, lr: 0.0001, weight_decay: 0.0001
2026-06-29 11:19:04,710 [INFO] engine.optim_wrapper: Param: transformer.decoder.layers.5.norm3.bias, lr: 0.0001, weight_decay: 0.0001
2026-06-29 11:19:04,710 [INFO] engine.optim_wrapper: Param: transformer.decoder.norm.weight, lr: 0.0001, weight_decay: 0.0001
2026-06-29 11:19:04,710 [INFO] engine.optim_wrapper: Param: transformer.decoder.norm.bias, lr: 0.0001, weight_decay: 0.0001
2026-06-29 11:19:04,711 [INFO] engine.optim_wrapper: Param: transformer.decoder.class_embed.0.weight, lr: 0.0001, weight_decay: 0.0001
2026-06-29 11:19:04,711 [INFO] engine.optim_wrapper: Param: transformer.decoder.class_embed.0.bias, lr: 0.0001, weight_decay: 0.0001
2026-06-29 11:19:04,711 [INFO] engine.optim_wrapper: Param: transformer.decoder.class_embed.1.weight, lr: 0.0001, weight_decay: 0.0001
2026-06-29 11:19:04,711 [INFO] engine.optim_wrapper: Param: transformer.decoder.class_embed.1.bias, lr: 0.0001, weight_decay: 0.0001
2026-06-29 11:19:04,711 [INFO] engine.optim_wrapper: Param: transformer.decoder.class_embed.2.weight, lr: 0.0001, weight_decay: 0.0001
2026-06-29 11:19:04,711 [INFO] engine.optim_wrapper: Param: transformer.decoder.class_embed.2.bias, lr: 0.0001, weight_decay: 0.0001
2026-06-29 11:19:04,711 [INFO] engine.optim_wrapper: Param: transformer.decoder.class_embed.3.weight, lr: 0.0001, weight_decay: 0.0001
2026-06-29 11:19:04,711 [INFO] engine.optim_wrapper: Param: transformer.decoder.class_embed.3.bias, lr: 0.0001, weight_decay: 0.0001
2026-06-29 11:19:04,711 [INFO] engine.optim_wrapper: Param: transformer.decoder.class_embed.4.weight, lr: 0.0001, weight_decay: 0.0001
2026-06-29 11:19:04,711 [INFO] engine.optim_wrapper: Param: transformer.decoder.class_embed.4.bias, lr: 0.0001, weight_decay: 0.0001
2026-06-29 11:19:04,711 [INFO] engine.optim_wrapper: Param: transformer.decoder.class_embed.5.weight, lr: 0.0001, weight_decay: 0.0001
2026-06-29 11:19:04,711 [INFO] engine.optim_wrapper: Param: transformer.decoder.class_embed.5.bias, lr: 0.0001, weight_decay: 0.0001
2026-06-29 11:19:04,711 [INFO] engine.optim_wrapper: Param: transformer.decoder.class_embed.6.weight, lr: 0.0001, weight_decay: 0.0001
2026-06-29 11:19:04,711 [INFO] engine.optim_wrapper: Param: transformer.decoder.class_embed.6.bias, lr: 0.0001, weight_decay: 0.0001
2026-06-29 11:19:04,711 [INFO] engine.optim_wrapper: Param: transformer.decoder.bbox_embed.0.layers.0.weight, lr: 0.0001, weight_decay: 0.0001
2026-06-29 11:19:04,711 [INFO] engine.optim_wrapper: Param: transformer.decoder.bbox_embed.0.layers.0.bias, lr: 0.0001, weight_decay: 0.0001
2026-06-29 11:19:04,711 [INFO] engine.optim_wrapper: Param: transformer.decoder.bbox_embed.0.layers.1.weight, lr: 0.0001, weight_decay: 0.0001
2026-06-29 11:19:04,711 [INFO] engine.optim_wrapper: Param: transformer.decoder.bbox_embed.0.layers.1.bias, lr: 0.0001, weight_decay: 0.0001
2026-06-29 11:19:04,711 [INFO] engine.optim_wrapper: Param: transformer.decoder.bbox_embed.0.layers.2.weight, lr: 0.0001, weight_decay: 0.0001
2026-06-29 11:19:04,711 [INFO] engine.optim_wrapper: Param: transformer.decoder.bbox_embed.0.layers.2.bias, lr: 0.0001, weight_decay: 0.0001
2026-06-29 11:19:04,711 [INFO] engine.optim_wrapper: Param: transformer.decoder.bbox_embed.1.layers.0.weight, lr: 0.0001, weight_decay: 0.0001
2026-06-29 11:19:04,711 [INFO] engine.optim_wrapper: Param: transformer.decoder.bbox_embed.1.layers.0.bias, lr: 0.0001, weight_decay: 0.0001
2026-06-29 11:19:04,711 [INFO] engine.optim_wrapper: Param: transformer.decoder.bbox_embed.1.layers.1.weight, lr: 0.0001, weight_decay: 0.0001
2026-06-29 11:19:04,711 [INFO] engine.optim_wrapper: Param: transformer.decoder.bbox_embed.1.layers.1.bias, lr: 0.0001, weight_decay: 0.0001
2026-06-29 11:19:04,711 [INFO] engine.optim_wrapper: Param: transformer.decoder.bbox_embed.1.layers.2.weight, lr: 0.0001, weight_decay: 0.0001
2026-06-29 11:19:04,711 [INFO] engine.optim_wrapper: Param: transformer.decoder.bbox_embed.1.layers.2.bias, lr: 0.0001, weight_decay: 0.0001
2026-06-29 11:19:04,714 [INFO] engine.optim_wrapper: Param: transformer.decoder.bbox_embed.2.layers.0.weight, lr: 0.0001, weight_decay: 0.0001
2026-06-29 11:19:04,714 [INFO] engine.optim_wrapper: Param: transformer.decoder.bbox_embed.2.layers.0.bias, lr: 0.0001, weight_decay: 0.0001
2026-06-29 11:19:04,714 [INFO] engine.optim_wrapper: Param: transformer.decoder.bbox_embed.2.layers.1.weight, lr: 0.0001, weight_decay: 0.0001
2026-06-29 11:19:04,714 [INFO] engine.optim_wrapper: Param: transformer.decoder.bbox_embed.2.layers.1.bias, lr: 0.0001, weight_decay: 0.0001
2026-06-29 11:19:04,714 [INFO] engine.optim_wrapper: Param: transformer.decoder.bbox_embed.2.layers.2.weight, lr: 0.0001, weight_decay: 0.0001
2026-06-29 11:19:04,714 [INFO] engine.optim_wrapper: Param: transformer.decoder.bbox_embed.2.layers.2.bias, lr: 0.0001, weight_decay: 0.0001
2026-06-29 11:19:04,714 [INFO] engine.optim_wrapper: Param: transformer.decoder.bbox_embed.3.layers.0.weight, lr: 0.0001, weight_decay: 0.0001
2026-06-29 11:19:04,714 [INFO] engine.optim_wrapper: Param: transformer.decoder.bbox_embed.3.layers.0.bias, lr: 0.0001, weight_decay: 0.0001
2026-06-29 11:19:04,714 [INFO] engine.optim_wrapper: Param: transformer.decoder.bbox_embed.3.layers.1.weight, lr: 0.0001, weight_decay: 0.0001
2026-06-29 11:19:04,714 [INFO] engine.optim_wrapper: Param: transformer.decoder.bbox_embed.3.layers.1.bias, lr: 0.0001, weight_decay: 0.0001
2026-06-29 11:19:04,714 [INFO] engine.optim_wrapper: Param: transformer.decoder.bbox_embed.3.layers.2.weight, lr: 0.0001, weight_decay: 0.0001
2026-06-29 11:19:04,715 [INFO] engine.optim_wrapper: Param: transformer.decoder.bbox_embed.3.layers.2.bias, lr: 0.0001, weight_decay: 0.0001
2026-06-29 11:19:04,715 [INFO] engine.optim_wrapper: Param: transformer.decoder.bbox_embed.4.layers.0.weight, lr: 0.0001, weight_decay: 0.0001
2026-06-29 11:19:04,715 [INFO] engine.optim_wrapper: Param: transformer.decoder.bbox_embed.4.layers.0.bias, lr: 0.0001, weight_decay: 0.0001
2026-06-29 11:19:04,715 [INFO] engine.optim_wrapper: Param: transformer.decoder.bbox_embed.4.layers.1.weight, lr: 0.0001, weight_decay: 0.0001
2026-06-29 11:19:04,715 [INFO] engine.optim_wrapper: Param: transformer.decoder.bbox_embed.4.layers.1.bias, lr: 0.0001, weight_decay: 0.0001
2026-06-29 11:19:04,715 [INFO] engine.optim_wrapper: Param: transformer.decoder.bbox_embed.4.layers.2.weight, lr: 0.0001, weight_decay: 0.0001
2026-06-29 11:19:04,715 [INFO] engine.optim_wrapper: Param: transformer.decoder.bbox_embed.4.layers.2.bias, lr: 0.0001, weight_decay: 0.0001
2026-06-29 11:19:04,715 [INFO] engine.optim_wrapper: Param: transformer.decoder.bbox_embed.5.layers.0.weight, lr: 0.0001, weight_decay: 0.0001
2026-06-29 11:19:04,715 [INFO] engine.optim_wrapper: Param: transformer.decoder.bbox_embed.5.layers.0.bias, lr: 0.0001, weight_decay: 0.0001
2026-06-29 11:19:04,715 [INFO] engine.optim_wrapper: Param: transformer.decoder.bbox_embed.5.layers.1.weight, lr: 0.0001, weight_decay: 0.0001
2026-06-29 11:19:04,715 [INFO] engine.optim_wrapper: Param: transformer.decoder.bbox_embed.5.layers.1.bias, lr: 0.0001, weight_decay: 0.0001
2026-06-29 11:19:04,715 [INFO] engine.optim_wrapper: Param: transformer.decoder.bbox_embed.5.layers.2.weight, lr: 0.0001, weight_decay: 0.0001
2026-06-29 11:19:04,715 [INFO] engine.optim_wrapper: Param: transformer.decoder.bbox_embed.5.layers.2.bias, lr: 0.0001, weight_decay: 0.0001
2026-06-29 11:19:04,715 [INFO] engine.optim_wrapper: Param: transformer.decoder.bbox_embed.6.layers.0.weight, lr: 0.0001, weight_decay: 0.0001
2026-06-29 11:19:04,715 [INFO] engine.optim_wrapper: Param: transformer.decoder.bbox_embed.6.layers.0.bias, lr: 0.0001, weight_decay: 0.0001
2026-06-29 11:19:04,715 [INFO] engine.optim_wrapper: Param: transformer.decoder.bbox_embed.6.layers.1.weight, lr: 0.0001, weight_decay: 0.0001
2026-06-29 11:19:04,715 [INFO] engine.optim_wrapper: Param: transformer.decoder.bbox_embed.6.layers.1.bias, lr: 0.0001, weight_decay: 0.0001
2026-06-29 11:19:04,715 [INFO] engine.optim_wrapper: Param: transformer.decoder.bbox_embed.6.layers.2.weight, lr: 0.0001, weight_decay: 0.0001
2026-06-29 11:19:04,715 [INFO] engine.optim_wrapper: Param: transformer.decoder.bbox_embed.6.layers.2.bias, lr: 0.0001, weight_decay: 0.0001
2026-06-29 11:19:04,715 [INFO] engine.optim_wrapper: Param: transformer.enc_output.weight, lr: 0.0001, weight_decay: 0.0001
2026-06-29 11:19:04,715 [INFO] engine.optim_wrapper: Param: transformer.enc_output.bias, lr: 0.0001, weight_decay: 0.0001
2026-06-29 11:19:04,715 [INFO] engine.optim_wrapper: Param: transformer.enc_output_norm.weight, lr: 0.0001, weight_decay: 0.0001
2026-06-29 11:19:04,715 [INFO] engine.optim_wrapper: Param: transformer.enc_output_norm.bias, lr: 0.0001, weight_decay: 0.0001
2026-06-29 11:19:04,715 [INFO] engine.optim_wrapper: Param: meta_score.layers.0.linear.weight, lr: 0.0001, weight_decay: 0.0001
2026-06-29 11:19:04,715 [INFO] engine.optim_wrapper: Param: meta_score.layers.1.linear.weight, lr: 0.0001, weight_decay: 0.0001
2026-06-29 11:19:04,715 [INFO] engine.optim_wrapper: Param: meta_score.layers.2.linear.weight, lr: 0.0001, weight_decay: 0.0001
2026-06-29 11:19:04,715 [INFO] engine.optim_wrapper: Param: meta_score.layers.3.linear.weight, lr: 0.0001, weight_decay: 0.0001
